algorithm,framework,n_qubits,shots,mean_sim_time_ms,std_sim_time_ms,mean_memory_mb,std_memory_mb,mean_cpu_pct,fidelity,distribution_path,success
bell_state,cirq,2,1024,82.50046999992264,30.851496694761657,0.25281286239624023,0.157902559009275,12.87,,c:\Study Material\FYP\QCanvas-Project\QCanvas\benchmarks\metrics\distributions\bell_state_2q_cirq_1024_trial10.json,True
bell_state,cirq,2,4096,271.16050999993604,24.451883352248508,0.6868388175964355,0.016273238843778612,15.489999999999998,,c:\Study Material\FYP\QCanvas-Project\QCanvas\benchmarks\metrics\distributions\bell_state_2q_cirq_4096_trial10.json,True
bell_state,cirq,2,8192,558.7372299999515,135.1335402599881,1.3310067176818847,0.0006536684472859863,14.104999999999999,,c:\Study Material\FYP\QCanvas-Project\QCanvas\benchmarks\metrics\distributions\bell_state_2q_cirq_8192_trial10.json,True
bell_state,pennylane,2,1024,79.9776899997596,10.014782484593686,0.19977359771728515,0.015276475799383078,19.724999999999998,,c:\Study Material\FYP\QCanvas-Project\QCanvas\benchmarks\metrics\distributions\bell_state_2q_pennylane_1024_trial10.json,True
bell_state,pennylane,2,4096,274.73607000010816,10.130391898330599,0.6806413650512695,0.0002809686390655382,16.985,,c:\Study Material\FYP\QCanvas-Project\QCanvas\benchmarks\metrics\distributions\bell_state_2q_pennylane_4096_trial10.json,True
bell_state,pennylane,2,8192,629.7335000000203,108.43630976244337,1.330418014526367,0.00030785552321125926,28.709999999999997,,c:\Study Material\FYP\QCanvas-Project\QCanvas\benchmarks\metrics\distributions\bell_state_2q_pennylane_8192_trial10.json,True
bell_state,qiskit,2,1024,106.66715999986991,13.16511654708129,0.19918203353881836,0.015438860387666245,45.690000000000005,,c:\Study Material\FYP\QCanvas-Project\QCanvas\benchmarks\metrics\distributions\bell_state_2q_qiskit_1024_trial10.json,True
bell_state,qiskit,2,4096,278.55083000004015,15.467092559199852,0.6856047630310058,0.015147851838048823,18.535,,c:\Study Material\FYP\QCanvas-Project\QCanvas\benchmarks\metrics\distributions\bell_state_2q_qiskit_4096_trial10.json,True
bell_state,qiskit,2,8192,528.0957399998442,40.44547152044141,1.330141258239746,0.0006334778039491177,16.195,,c:\Study Material\FYP\QCanvas-Project\QCanvas\benchmarks\metrics\distributions\bell_state_2q_qiskit_8192_trial10.json,True
bernstein_vazirani,cirq,3,1024,109.69869000000472,3.440028582710596,0.3222338676452637,0.04226969676190529,13.079999999999998,,c:\Study Material\FYP\QCanvas-Project\QCanvas\benchmarks\metrics\distributions\bernstein_vazirani_3q_cirq_1024_trial10.json,True
bernstein_vazirani,cirq,3,4096,384.4643100000212,14.408964484846916,0.709840965270996,0.00033686142057539963,13.414999999999997,,c:\Study Material\FYP\QCanvas-Project\QCanvas\benchmarks\metrics\distributions\bernstein_vazirani_3q_cirq_4096_trial10.json,True
bernstein_vazirani,cirq,3,8192,760.9195200001523,30.580108483295717,1.3597482681274413,0.0001573875858456924,17.934999999999995,,c:\Study Material\FYP\QCanvas-Project\QCanvas\benchmarks\metrics\distributions\bernstein_vazirani_3q_cirq_8192_trial10.json,True
bernstein_vazirani,pennylane,3,1024,110.63132999988738,2.0108642906526493,0.319329833984375,0.042233665051081976,17.505,,c:\Study Material\FYP\QCanvas-Project\QCanvas\benchmarks\metrics\distributions\bernstein_vazirani_3q_pennylane_1024_trial10.json,True
bernstein_vazirani,pennylane,3,4096,423.8616600001478,48.50537483679421,0.7923201560974121,0.002860172286727279,23.299999999999997,,c:\Study Material\FYP\QCanvas-Project\QCanvas\benchmarks\metrics\distributions\bernstein_vazirani_3q_pennylane_4096_trial10.json,True
bernstein_vazirani,pennylane,3,8192,758.734529999856,32.743815819039604,1.4409903526306151,0.0003193303935135872,12.014999999999999,,c:\Study Material\FYP\QCanvas-Project\QCanvas\benchmarks\metrics\distributions\bernstein_vazirani_3q_pennylane_8192_trial10.json,True
bernstein_vazirani,qiskit,3,1024,108.79703000000518,1.4166869534038995,0.27242136001586914,0.04043870358560189,9.91,,c:\Study Material\FYP\QCanvas-Project\QCanvas\benchmarks\metrics\distributions\bernstein_vazirani_3q_qiskit_1024_trial10.json,True
bernstein_vazirani,qiskit,3,4096,386.0995300000468,14.026389251178063,0.791234302520752,0.00033801776373577257,12.63,,c:\Study Material\FYP\QCanvas-Project\QCanvas\benchmarks\metrics\distributions\bernstein_vazirani_3q_qiskit_4096_trial10.json,True
bernstein_vazirani,qiskit,3,8192,762.8708799999913,44.88272514751296,1.3601544380187989,0.0005454188480667536,11.66,,c:\Study Material\FYP\QCanvas-Project\QCanvas\benchmarks\metrics\distributions\bernstein_vazirani_3q_qiskit_8192_trial10.json,True
bernstein_vazirani,cirq,4,1024,110.09326000021247,2.1070674436160863,0.30640106201171874,0.036578776553458404,12.979999999999999,,c:\Study Material\FYP\QCanvas-Project\QCanvas\benchmarks\metrics\distributions\bernstein_vazirani_4q_cirq_1024_trial10.json,True
bernstein_vazirani,cirq,4,4096,398.3781800000543,34.53838371904515,0.7590032577514648,0.04036048394936416,12.435,,c:\Study Material\FYP\QCanvas-Project\QCanvas\benchmarks\metrics\distributions\bernstein_vazirani_4q_cirq_4096_trial10.json,True
bernstein_vazirani,cirq,4,8192,757.9164699998728,32.53878143248203,1.359451675415039,0.0014228364538286986,13.934999999999999,,c:\Study Material\FYP\QCanvas-Project\QCanvas\benchmarks\metrics\distributions\bernstein_vazirani_4q_cirq_8192_trial10.json,True
bernstein_vazirani,pennylane,4,1024,132.068800000161,4.1516480482301565,0.36773042678833007,0.0023092449198091575,12.13,,c:\Study Material\FYP\QCanvas-Project\QCanvas\benchmarks\metrics\distributions\bernstein_vazirani_4q_pennylane_1024_trial10.json,True
bernstein_vazirani,pennylane,4,4096,456.96876000001794,15.232790940847066,0.8529511451721191,0.0005240235919105526,11.15,,c:\Study Material\FYP\QCanvas-Project\QCanvas\benchmarks\metrics\distributions\bernstein_vazirani_4q_pennylane_4096_trial10.json,True
bernstein_vazirani,pennylane,4,8192,890.6147900001088,26.894594465098958,1.6316129684448242,0.00021866560469717162,11.660000000000002,,c:\Study Material\FYP\QCanvas-Project\QCanvas\benchmarks\metrics\distributions\bernstein_vazirani_4q_pennylane_8192_trial10.json,True
bernstein_vazirani,qiskit,4,1024,110.56915999997727,1.5683984161617477,0.29819889068603517,0.05574543939132025,9.475000000000001,,c:\Study Material\FYP\QCanvas-Project\QCanvas\benchmarks\metrics\distributions\bernstein_vazirani_4q_qiskit_1024_trial10.json,True
bernstein_vazirani,qiskit,4,4096,400.37704999995185,52.60125516307036,0.7912343978881836,0.0010548763318583181,11.59,,c:\Study Material\FYP\QCanvas-Project\QCanvas\benchmarks\metrics\distributions\bernstein_vazirani_4q_qiskit_4096_trial10.json,True
bernstein_vazirani,qiskit,4,8192,756.1658500000703,52.66233000297334,1.4005654335021973,0.041405811050956746,10.645,,c:\Study Material\FYP\QCanvas-Project\QCanvas\benchmarks\metrics\distributions\bernstein_vazirani_4q_qiskit_8192_trial10.json,True
bernstein_vazirani,cirq,5,1024,108.89743000007002,1.3212605983208172,0.3185234069824219,0.042592463864264324,11.854999999999999,,c:\Study Material\FYP\QCanvas-Project\QCanvas\benchmarks\metrics\distributions\bernstein_vazirani_5q_cirq_1024_trial10.json,True
bernstein_vazirani,cirq,5,4096,388.04252000018096,15.817779381238552,0.7914809226989746,0.0003022827017120977,12.6,,c:\Study Material\FYP\QCanvas-Project\QCanvas\benchmarks\metrics\distributions\bernstein_vazirani_5q_cirq_4096_trial10.json,True
bernstein_vazirani,cirq,5,8192,767.3994500000845,48.43906000502793,1.3601108551025392,0.0013612057274311811,16.085,,c:\Study Material\FYP\QCanvas-Project\QCanvas\benchmarks\metrics\distributions\bernstein_vazirani_5q_cirq_8192_trial10.json,True
bernstein_vazirani,pennylane,5,1024,162.69994000012957,3.021345055092788,0.38663530349731445,0.04344030862041652,13.25,,c:\Study Material\FYP\QCanvas-Project\QCanvas\benchmarks\metrics\distributions\bernstein_vazirani_5q_pennylane_1024_trial10.json,True
bernstein_vazirani,pennylane,5,4096,587.2944200001257,26.980295366495508,0.8628613471984863,0.00040458300686036224,12.184999999999999,,c:\Study Material\FYP\QCanvas-Project\QCanvas\benchmarks\metrics\distributions\bernstein_vazirani_5q_pennylane_4096_trial10.json,True
bernstein_vazirani,pennylane,5,8192,1137.698889999774,57.54501358452022,1.6855937957763671,0.054340330841909465,10.27,,c:\Study Material\FYP\QCanvas-Project\QCanvas\benchmarks\metrics\distributions\bernstein_vazirani_5q_pennylane_8192_trial10.json,True
bernstein_vazirani,qiskit,5,1024,109.01061999993544,1.6015903411126056,0.2984339714050293,0.056237586273787506,8.429999999999998,,c:\Study Material\FYP\QCanvas-Project\QCanvas\benchmarks\metrics\distributions\bernstein_vazirani_5q_qiskit_1024_trial10.json,True
bernstein_vazirani,qiskit,5,4096,383.9878200000385,13.160201982963477,0.7915162086486817,0.00040032345556187995,19.0,,c:\Study Material\FYP\QCanvas-Project\QCanvas\benchmarks\metrics\distributions\bernstein_vazirani_5q_qiskit_4096_trial10.json,True
bernstein_vazirani,qiskit,5,8192,766.1752300000444,43.15646595675264,1.3593072891235352,0.001812105124402005,10.91,,c:\Study Material\FYP\QCanvas-Project\QCanvas\benchmarks\metrics\distributions\bernstein_vazirani_5q_qiskit_8192_trial10.json,True
bernstein_vazirani,cirq,6,1024,108.5082099999454,1.018097717878485,0.31847286224365234,0.0428596041898627,9.855,,c:\Study Material\FYP\QCanvas-Project\QCanvas\benchmarks\metrics\distributions\bernstein_vazirani_6q_cirq_1024_trial10.json,True
bernstein_vazirani,cirq,6,4096,388.4490800000094,13.008663825400081,0.7913105010986328,0.00031123809682043164,15.279999999999998,,c:\Study Material\FYP\QCanvas-Project\QCanvas\benchmarks\metrics\distributions\bernstein_vazirani_6q_cirq_4096_trial10.json,True
bernstein_vazirani,cirq,6,8192,746.9681100003072,33.25879041615384,1.3600117683410644,0.0005253867977834521,9.830000000000002,,c:\Study Material\FYP\QCanvas-Project\QCanvas\benchmarks\metrics\distributions\bernstein_vazirani_6q_cirq_8192_trial10.json,True
bernstein_vazirani,pennylane,6,1024,192.07161000049382,17.217386876749273,0.4399102210998535,0.0420954314425768,16.330000000000002,,c:\Study Material\FYP\QCanvas-Project\QCanvas\benchmarks\metrics\distributions\bernstein_vazirani_6q_pennylane_1024_trial10.json,True
bernstein_vazirani,pennylane,6,4096,661.3958300000377,32.341237779083855,1.0680391311645507,0.06361325798459135,16.589999999999996,,c:\Study Material\FYP\QCanvas-Project\QCanvas\benchmarks\metrics\distributions\bernstein_vazirani_6q_pennylane_4096_trial10.json,True
bernstein_vazirani,pennylane,6,8192,1308.6736299999757,64.07244315662538,1.9415422439575196,0.05558958429259302,12.305,,c:\Study Material\FYP\QCanvas-Project\QCanvas\benchmarks\metrics\distributions\bernstein_vazirani_6q_pennylane_8192_trial10.json,True
bernstein_vazirani,qiskit,6,1024,111.34031999990839,2.449496804705648,0.3324470520019531,0.05605201102789684,19.245,,c:\Study Material\FYP\QCanvas-Project\QCanvas\benchmarks\metrics\distributions\bernstein_vazirani_6q_qiskit_1024_trial10.json,True
bernstein_vazirani,qiskit,6,4096,385.43963999964035,16.511963045651672,0.7913426399230957,0.00034719782346223117,17.515,,c:\Study Material\FYP\QCanvas-Project\QCanvas\benchmarks\metrics\distributions\bernstein_vazirani_6q_qiskit_4096_trial10.json,True
bernstein_vazirani,qiskit,6,8192,772.5429200003418,65.0016948679147,1.359791088104248,0.0015198001808084552,12.180000000000001,,c:\Study Material\FYP\QCanvas-Project\QCanvas\benchmarks\metrics\distributions\bernstein_vazirani_6q_qiskit_8192_trial10.json,True
bernstein_vazirani,cirq,7,1024,107.4973000002501,0.8562298699333758,0.30249996185302735,0.02665838111259048,11.815000000000001,,c:\Study Material\FYP\QCanvas-Project\QCanvas\benchmarks\metrics\distributions\bernstein_vazirani_7q_cirq_1024_trial10.json,True
bernstein_vazirani,cirq,7,4096,390.6303300000218,28.978887638270077,0.7590741157531739,0.04040600326018431,15.55,,c:\Study Material\FYP\QCanvas-Project\QCanvas\benchmarks\metrics\distributions\bernstein_vazirani_7q_cirq_4096_trial10.json,True
bernstein_vazirani,cirq,7,8192,748.0345800002397,35.611427365671645,1.359570598602295,0.0012092943404485553,12.04,,c:\Study Material\FYP\QCanvas-Project\QCanvas\benchmarks\metrics\distributions\bernstein_vazirani_7q_cirq_8192_trial10.json,True
bernstein_vazirani,pennylane,7,1024,228.86600000056205,31.687879929555834,0.4576904296875,0.04223046062811931,14.205000000000002,,c:\Study Material\FYP\QCanvas-Project\QCanvas\benchmarks\metrics\distributions\bernstein_vazirani_7q_pennylane_1024_trial10.json,True
bernstein_vazirani,pennylane,7,4096,787.0893499999511,28.949745273208435,1.0818601608276368,0.06965229899310824,13.395000000000001,,c:\Study Material\FYP\QCanvas-Project\QCanvas\benchmarks\metrics\distributions\bernstein_vazirani_7q_pennylane_4096_trial10.json,True
bernstein_vazirani,pennylane,7,8192,1572.0494000001054,87.27956446683405,1.9352603912353517,0.04134012760650755,13.459999999999999,,c:\Study Material\FYP\QCanvas-Project\QCanvas\benchmarks\metrics\distributions\bernstein_vazirani_7q_pennylane_8192_trial10.json,True
bernstein_vazirani,qiskit,7,1024,110.65944000001764,2.0591096457056675,0.3195319175720215,0.042263560723150975,10.74,,c:\Study Material\FYP\QCanvas-Project\QCanvas\benchmarks\metrics\distributions\bernstein_vazirani_7q_qiskit_1024_trial10.json,True
bernstein_vazirani,qiskit,7,4096,398.74801999976626,23.96067554204559,0.7099429130554199,0.0004415084558638603,14.555000000000001,,c:\Study Material\FYP\QCanvas-Project\QCanvas\benchmarks\metrics\distributions\bernstein_vazirani_7q_qiskit_4096_trial10.json,True
bernstein_vazirani,qiskit,7,8192,782.6220599999942,68.01837088898534,1.374242115020752,0.04233234389906417,15.879999999999999,,c:\Study Material\FYP\QCanvas-Project\QCanvas\benchmarks\metrics\distributions\bernstein_vazirani_7q_qiskit_8192_trial10.json,True
bernstein_vazirani,cirq,8,1024,108.67197999978089,1.129691574402184,0.30405054092407224,0.00205019774439603,11.915,,c:\Study Material\FYP\QCanvas-Project\QCanvas\benchmarks\metrics\distributions\bernstein_vazirani_8q_cirq_1024_trial10.json,True
bernstein_vazirani,cirq,8,4096,383.9257500001622,15.067291580497633,0.7908239364624023,0.000980149884718931,15.184999999999997,,c:\Study Material\FYP\QCanvas-Project\QCanvas\benchmarks\metrics\distributions\bernstein_vazirani_8q_cirq_4096_trial10.json,True
bernstein_vazirani,cirq,8,8192,753.759419999551,42.11951469577844,1.3927670478820802,0.03947150105766634,10.129999999999999,,c:\Study Material\FYP\QCanvas-Project\QCanvas\benchmarks\metrics\distributions\bernstein_vazirani_8q_cirq_8192_trial10.json,True
bernstein_vazirani,pennylane,8,1024,249.2460100002063,15.9838233028248,0.5206872940063476,0.045604152262864905,11.845,,c:\Study Material\FYP\QCanvas-Project\QCanvas\benchmarks\metrics\distributions\bernstein_vazirani_8q_pennylane_1024_trial10.json,True
bernstein_vazirani,pennylane,8,4096,881.098799999927,29.828357504231324,1.1704880714416503,0.04573937601742082,18.15,,c:\Study Material\FYP\QCanvas-Project\QCanvas\benchmarks\metrics\distributions\bernstein_vazirani_8q_pennylane_4096_trial10.json,True
bernstein_vazirani,pennylane,8,8192,1724.4742200004112,49.70906764308071,2.2055235862731934,0.04743788273724591,10.785,,c:\Study Material\FYP\QCanvas-Project\QCanvas\benchmarks\metrics\distributions\bernstein_vazirani_8q_pennylane_8192_trial10.json,True
bernstein_vazirani,qiskit,8,1024,114.10510999976395,14.037648667461148,0.286868953704834,0.06609404056173637,12.790000000000001,,c:\Study Material\FYP\QCanvas-Project\QCanvas\benchmarks\metrics\distributions\bernstein_vazirani_8q_qiskit_1024_trial10.json,True
bernstein_vazirani,qiskit,8,4096,387.66630999998597,16.78030300383504,0.7914816856384277,0.0003743460334291253,15.270000000000001,,c:\Study Material\FYP\QCanvas-Project\QCanvas\benchmarks\metrics\distributions\bernstein_vazirani_8q_qiskit_4096_trial10.json,True
bernstein_vazirani,qiskit,8,8192,786.8582699997205,43.590519715984684,1.3598389625549316,0.0013018574699597673,14.035,,c:\Study Material\FYP\QCanvas-Project\QCanvas\benchmarks\metrics\distributions\bernstein_vazirani_8q_qiskit_8192_trial10.json,True
bit_flip_code,cirq,3,1024,100.10586000007606,3.0379970277482533,0.3289046287536621,0.04997266074202796,18.4,,c:\Study Material\FYP\QCanvas-Project\QCanvas\benchmarks\metrics\distributions\bit_flip_code_3q_cirq_1024_trial10.json,True
bit_flip_code,cirq,3,4096,363.6421600001995,38.63138330002944,0.8671797752380371,0.03709048092781642,13.459999999999999,,c:\Study Material\FYP\QCanvas-Project\QCanvas\benchmarks\metrics\distributions\bit_flip_code_3q_cirq_4096_trial10.json,True
bit_flip_code,cirq,3,8192,670.0057500000185,21.98496793263706,1.6176901817321778,0.021997155781698214,12.944999999999999,,c:\Study Material\FYP\QCanvas-Project\QCanvas\benchmarks\metrics\distributions\bit_flip_code_3q_cirq_8192_trial10.json,True
bit_flip_code,pennylane,3,1024,99.50363999942056,1.0897708701415225,0.3273212432861328,0.024801709618979997,9.825000000000001,,c:\Study Material\FYP\QCanvas-Project\QCanvas\benchmarks\metrics\distributions\bit_flip_code_3q_pennylane_1024_trial10.json,True
bit_flip_code,pennylane,3,4096,349.0853999996034,16.621996735759392,0.8767980575561524,0.04027183250363813,11.334999999999999,,c:\Study Material\FYP\QCanvas-Project\QCanvas\benchmarks\metrics\distributions\bit_flip_code_3q_pennylane_4096_trial10.json,True
bit_flip_code,pennylane,3,8192,679.2291999996451,33.138834280997735,1.6237285614013672,0.024345796147577432,11.075,,c:\Study Material\FYP\QCanvas-Project\QCanvas\benchmarks\metrics\distributions\bit_flip_code_3q_pennylane_8192_trial10.json,True
bit_flip_code,qiskit,3,1024,99.3001999999251,1.2098899487540165,0.3368391036987305,0.023006436260674185,9.605,,c:\Study Material\FYP\QCanvas-Project\QCanvas\benchmarks\metrics\distributions\bit_flip_code_3q_qiskit_1024_trial10.json,True
bit_flip_code,qiskit,3,4096,351.64915999994264,18.201197755017983,0.8767331123352051,0.040325808290012845,13.819999999999999,,c:\Study Material\FYP\QCanvas-Project\QCanvas\benchmarks\metrics\distributions\bit_flip_code_3q_qiskit_4096_trial10.json,True
bit_flip_code,qiskit,3,8192,675.366269999904,21.656109701244283,1.6380646705627442,0.046430548856545996,11.605,,c:\Study Material\FYP\QCanvas-Project\QCanvas\benchmarks\metrics\distributions\bit_flip_code_3q_qiskit_8192_trial10.json,True
deutsch_jozsa,cirq,3,1024,111.05468999994628,11.102365422634927,0.34545116424560546,0.001667640449367224,22.18,,c:\Study Material\FYP\QCanvas-Project\QCanvas\benchmarks\metrics\distributions\deutsch_jozsa_3q_cirq_1024_trial10.json,True
deutsch_jozsa,cirq,3,4096,356.9456400004128,37.865269176496234,0.8930898666381836,0.04310770209641333,11.749999999999998,,c:\Study Material\FYP\QCanvas-Project\QCanvas\benchmarks\metrics\distributions\deutsch_jozsa_3q_cirq_4096_trial10.json,True
deutsch_jozsa,cirq,3,8192,675.1393300002746,22.050911841895267,1.6438277244567872,0.04731196018050039,11.27,,c:\Study Material\FYP\QCanvas-Project\QCanvas\benchmarks\metrics\distributions\deutsch_jozsa_3q_cirq_8192_trial10.json,True
deutsch_jozsa,pennylane,3,1024,100.95592999969085,1.0556884283621037,0.34232606887817385,0.05535460874625399,10.36,,c:\Study Material\FYP\QCanvas-Project\QCanvas\benchmarks\metrics\distributions\deutsch_jozsa_3q_pennylane_1024_trial10.json,True
deutsch_jozsa,pennylane,3,4096,349.81086000025243,15.18117398827755,0.884916114807129,0.044091269617443724,11.655,,c:\Study Material\FYP\QCanvas-Project\QCanvas\benchmarks\metrics\distributions\deutsch_jozsa_3q_pennylane_4096_trial10.json,True
deutsch_jozsa,pennylane,3,8192,681.7278399998031,34.87607138436822,1.6292571067810058,0.024976774244972678,11.010000000000002,,c:\Study Material\FYP\QCanvas-Project\QCanvas\benchmarks\metrics\distributions\deutsch_jozsa_3q_pennylane_8192_trial10.json,True
deutsch_jozsa,qiskit,3,1024,101.9147699998939,1.033203071712049,0.35909252166748046,0.04273508050616832,9.4,,c:\Study Material\FYP\QCanvas-Project\QCanvas\benchmarks\metrics\distributions\deutsch_jozsa_3q_qiskit_1024_trial10.json,True
deutsch_jozsa,qiskit,3,4096,361.01036999971257,19.97318349924138,0.8846691131591797,0.04355705141653471,16.025000000000002,,c:\Study Material\FYP\QCanvas-Project\QCanvas\benchmarks\metrics\distributions\deutsch_jozsa_3q_qiskit_4096_trial10.json,True
deutsch_jozsa,qiskit,3,8192,675.9126500001003,24.514395624434098,1.63499755859375,0.04244013047445851,11.77,,c:\Study Material\FYP\QCanvas-Project\QCanvas\benchmarks\metrics\distributions\deutsch_jozsa_3q_qiskit_8192_trial10.json,True
deutsch_jozsa,cirq,4,1024,112.14452000003803,31.085278182264414,0.35033044815063474,0.05320269554658573,11.155000000000001,,c:\Study Material\FYP\QCanvas-Project\QCanvas\benchmarks\metrics\distributions\deutsch_jozsa_4q_cirq_1024_trial10.json,True
deutsch_jozsa,cirq,4,4096,349.462289999974,13.83343497615189,0.8848674774169922,0.04359030393595371,14.12,,c:\Study Material\FYP\QCanvas-Project\QCanvas\benchmarks\metrics\distributions\deutsch_jozsa_4q_cirq_4096_trial10.json,True
deutsch_jozsa,cirq,4,8192,673.3269800000926,19.821735037214655,1.643892192840576,0.047154203884525875,11.235,,c:\Study Material\FYP\QCanvas-Project\QCanvas\benchmarks\metrics\distributions\deutsch_jozsa_4q_cirq_8192_trial10.json,True
deutsch_jozsa,pennylane,4,1024,126.09256000050664,4.017118369150026,0.4089048385620117,0.0017917379053015694,9.559999999999999,,c:\Study Material\FYP\QCanvas-Project\QCanvas\benchmarks\metrics\distributions\deutsch_jozsa_4q_pennylane_1024_trial10.json,True
deutsch_jozsa,pennylane,4,4096,425.7613100002345,15.942921220162681,1.036079502105713,0.051602434189631875,13.685000000000002,,c:\Study Material\FYP\QCanvas-Project\QCanvas\benchmarks\metrics\distributions\deutsch_jozsa_4q_pennylane_4096_trial10.json,True
deutsch_jozsa,pennylane,4,8192,834.5784399996774,41.232344438635856,1.9030908584594726,0.029814408441640745,12.24,,c:\Study Material\FYP\QCanvas-Project\QCanvas\benchmarks\metrics\distributions\deutsch_jozsa_4q_pennylane_8192_trial10.json,True
deutsch_jozsa,qiskit,4,1024,100.36347000004753,0.7383883682884314,0.34515867233276365,0.0019137725631201128,9.680000000000001,,c:\Study Material\FYP\QCanvas-Project\QCanvas\benchmarks\metrics\distributions\deutsch_jozsa_4q_qiskit_1024_trial10.json,True
deutsch_jozsa,qiskit,4,4096,350.8876199995939,17.870098530942617,0.8847149848937989,0.043506497622611856,12.23,,c:\Study Material\FYP\QCanvas-Project\QCanvas\benchmarks\metrics\distributions\deutsch_jozsa_4q_qiskit_4096_trial10.json,True
deutsch_jozsa,qiskit,4,8192,682.758670000112,33.18375072374366,1.6208739280700684,0.0015801561094768793,10.809999999999999,,c:\Study Material\FYP\QCanvas-Project\QCanvas\benchmarks\metrics\distributions\deutsch_jozsa_4q_qiskit_8192_trial10.json,True
deutsch_jozsa,cirq,5,1024,100.87521999957971,0.9492158234976517,0.3200381278991699,0.0402688153923863,9.945,,c:\Study Material\FYP\QCanvas-Project\QCanvas\benchmarks\metrics\distributions\deutsch_jozsa_5q_cirq_1024_trial10.json,True
deutsch_jozsa,cirq,5,4096,350.66537000020617,19.899450864496693,0.8847267150878906,0.043401337424318204,18.275000000000002,,c:\Study Material\FYP\QCanvas-Project\QCanvas\benchmarks\metrics\distributions\deutsch_jozsa_5q_cirq_4096_trial10.json,True
deutsch_jozsa,cirq,5,8192,677.3003800002698,22.20645074468134,1.629518699645996,0.02586953663942512,11.945,,c:\Study Material\FYP\QCanvas-Project\QCanvas\benchmarks\metrics\distributions\deutsch_jozsa_5q_cirq_8192_trial10.json,True
deutsch_jozsa,pennylane,5,1024,154.8049600000013,8.677131606031907,0.46154012680053713,0.036544541770291886,16.005000000000003,,c:\Study Material\FYP\QCanvas-Project\QCanvas\benchmarks\metrics\distributions\deutsch_jozsa_5q_pennylane_1024_trial10.json,True
deutsch_jozsa,pennylane,5,4096,514.6869899999729,27.795701999996865,1.2115339279174804,0.05436421580498962,13.245,,c:\Study Material\FYP\QCanvas-Project\QCanvas\benchmarks\metrics\distributions\deutsch_jozsa_5q_pennylane_4096_trial10.json,True
deutsch_jozsa,pennylane,5,8192,990.663460000178,35.06990081791003,2.1786147117614747,0.036445500478786655,9.084999999999999,,c:\Study Material\FYP\QCanvas-Project\QCanvas\benchmarks\metrics\distributions\deutsch_jozsa_5q_pennylane_8192_trial10.json,True
deutsch_jozsa,qiskit,5,1024,99.81975000009697,0.8841030730909264,0.3457087516784668,0.001808915478573218,6.825,,c:\Study Material\FYP\QCanvas-Project\QCanvas\benchmarks\metrics\distributions\deutsch_jozsa_5q_qiskit_1024_trial10.json,True
deutsch_jozsa,qiskit,5,4096,349.7506399999111,16.90596875579271,0.884556770324707,0.04359146158763847,12.080000000000002,,c:\Study Material\FYP\QCanvas-Project\QCanvas\benchmarks\metrics\distributions\deutsch_jozsa_5q_qiskit_4096_trial10.json,True
deutsch_jozsa,qiskit,5,8192,679.5506199998272,32.704210754729296,1.6293183326721192,0.026115385853072336,12.004999999999999,,c:\Study Material\FYP\QCanvas-Project\QCanvas\benchmarks\metrics\distributions\deutsch_jozsa_5q_qiskit_8192_trial10.json,True
deutsch_jozsa,cirq,6,1024,100.9372100006658,0.5951496037688757,0.3488321304321289,0.0318808552628991,12.460000000000003,,c:\Study Material\FYP\QCanvas-Project\QCanvas\benchmarks\metrics\distributions\deutsch_jozsa_6q_cirq_1024_trial10.json,True
deutsch_jozsa,cirq,6,4096,350.38541999983863,20.158200934867455,0.884704875946045,0.043500151552401535,11.41,,c:\Study Material\FYP\QCanvas-Project\QCanvas\benchmarks\metrics\distributions\deutsch_jozsa_6q_cirq_4096_trial10.json,True
deutsch_jozsa,cirq,6,8192,670.0716199999079,15.554831112724303,1.6295570373535155,0.025939577377794357,11.225,,c:\Study Material\FYP\QCanvas-Project\QCanvas\benchmarks\metrics\distributions\deutsch_jozsa_6q_cirq_8192_trial10.json,True
deutsch_jozsa,pennylane,6,1024,173.0758399997285,3.3637976415321256,0.5099236488342285,0.056359172734311035,12.255,,c:\Study Material\FYP\QCanvas-Project\QCanvas\benchmarks\metrics\distributions\deutsch_jozsa_6q_pennylane_1024_trial10.json,True
deutsch_jozsa,pennylane,6,4096,596.8072300000131,26.11940116613215,1.352854347229004,0.06665035149606754,13.23,,c:\Study Material\FYP\QCanvas-Project\QCanvas\benchmarks\metrics\distributions\deutsch_jozsa_6q_pennylane_4096_trial10.json,True
deutsch_jozsa,pennylane,6,8192,1138.831779999964,41.878733139751475,2.479890155792236,0.06432814709287026,9.684999999999999,,c:\Study Material\FYP\QCanvas-Project\QCanvas\benchmarks\metrics\distributions\deutsch_jozsa_6q_pennylane_8192_trial10.json,True
deutsch_jozsa,qiskit,6,1024,105.49662999965221,5.884310091450906,0.32888946533203123,0.0355116261977944,18.925,,c:\Study Material\FYP\QCanvas-Project\QCanvas\benchmarks\metrics\distributions\deutsch_jozsa_6q_qiskit_1024_trial10.json,True
deutsch_jozsa,qiskit,6,4096,347.7898400000413,11.85659780893394,0.8845563888549804,0.043521325877039496,14.75,,c:\Study Material\FYP\QCanvas-Project\QCanvas\benchmarks\metrics\distributions\deutsch_jozsa_6q_qiskit_4096_trial10.json,True
deutsch_jozsa,qiskit,6,8192,682.5605000001815,34.367181543718345,1.6288572311401368,0.026245996234555254,11.445,,c:\Study Material\FYP\QCanvas-Project\QCanvas\benchmarks\metrics\distributions\deutsch_jozsa_6q_qiskit_8192_trial10.json,True
deutsch_jozsa,cirq,7,1024,104.72609000007651,3.7859594068682823,0.36001157760620117,0.04286551798652606,12.825,,c:\Study Material\FYP\QCanvas-Project\QCanvas\benchmarks\metrics\distributions\deutsch_jozsa_7q_cirq_1024_trial10.json,True
deutsch_jozsa,cirq,7,4096,350.9228599996277,14.289301595245957,0.8846001625061035,0.04357549886220711,12.95,,c:\Study Material\FYP\QCanvas-Project\QCanvas\benchmarks\metrics\distributions\deutsch_jozsa_7q_cirq_4096_trial10.json,True
deutsch_jozsa,cirq,7,8192,680.4789599998912,31.084945509360875,1.6437675476074218,0.06844365794778663,12.785,,c:\Study Material\FYP\QCanvas-Project\QCanvas\benchmarks\metrics\distributions\deutsch_jozsa_7q_cirq_8192_trial10.json,True
deutsch_jozsa,pennylane,7,1024,201.9458199998553,12.310781264957162,0.5705499649047852,0.06226897946419123,13.825,,c:\Study Material\FYP\QCanvas-Project\QCanvas\benchmarks\metrics\distributions\deutsch_jozsa_7q_pennylane_1024_trial10.json,True
deutsch_jozsa,pennylane,7,4096,670.8404700000756,28.621908332351857,1.506617546081543,0.07506448763252137,10.875000000000002,,c:\Study Material\FYP\QCanvas-Project\QCanvas\benchmarks\metrics\distributions\deutsch_jozsa_7q_pennylane_4096_trial10.json,True
deutsch_jozsa,pennylane,7,8192,1310.4849500006821,44.56537350689031,2.7704821586608888,0.1176666090017128,15.970000000000002,,c:\Study Material\FYP\QCanvas-Project\QCanvas\benchmarks\metrics\distributions\deutsch_jozsa_7q_pennylane_8192_trial10.json,True
deutsch_jozsa,qiskit,7,1024,101.07660000012402,1.55614132265869,0.3593314170837402,0.042758018925118414,12.52,,c:\Study Material\FYP\QCanvas-Project\QCanvas\benchmarks\metrics\distributions\deutsch_jozsa_7q_qiskit_1024_trial10.json,True
deutsch_jozsa,qiskit,7,4096,348.2063499996002,15.097667870954384,0.8848493576049805,0.043481602096529307,12.95,,c:\Study Material\FYP\QCanvas-Project\QCanvas\benchmarks\metrics\distributions\deutsch_jozsa_7q_qiskit_4096_trial10.json,True
deutsch_jozsa,qiskit,7,8192,668.7233999995442,16.093114156825976,1.6204400062561035,0.0005286608651691037,10.88,,c:\Study Material\FYP\QCanvas-Project\QCanvas\benchmarks\metrics\distributions\deutsch_jozsa_7q_qiskit_8192_trial10.json,True
deutsch_jozsa,cirq,8,1024,101.09759000042686,1.0729388855661746,0.34452133178710936,0.0016391398821293684,9.84,,c:\Study Material\FYP\QCanvas-Project\QCanvas\benchmarks\metrics\distributions\deutsch_jozsa_8q_cirq_1024_trial10.json,True
deutsch_jozsa,cirq,8,4096,362.1095000000423,37.879343588157184,0.8775873184204102,0.044308093482312315,13.229999999999999,,c:\Study Material\FYP\QCanvas-Project\QCanvas\benchmarks\metrics\distributions\deutsch_jozsa_8q_cirq_4096_trial10.json,True
deutsch_jozsa,cirq,8,8192,672.0634699999209,19.712677663489636,1.62968111038208,0.02597183827434675,11.450000000000001,,c:\Study Material\FYP\QCanvas-Project\QCanvas\benchmarks\metrics\distributions\deutsch_jozsa_8q_cirq_8192_trial10.json,True
deutsch_jozsa,pennylane,8,1024,235.50687999995716,14.301191491353046,0.6520905494689941,0.052566663262373296,19.525,,c:\Study Material\FYP\QCanvas-Project\QCanvas\benchmarks\metrics\distributions\deutsch_jozsa_8q_pennylane_1024_trial10.json,True
deutsch_jozsa,pennylane,8,4096,757.2385600000416,25.62987259094322,1.6779176712036132,0.10439094462507771,14.940000000000001,,c:\Study Material\FYP\QCanvas-Project\QCanvas\benchmarks\metrics\distributions\deutsch_jozsa_8q_pennylane_4096_trial10.json,True
deutsch_jozsa,pennylane,8,8192,1454.7127800000453,37.30611726108062,3.05222692489624,0.08145560384827785,10.16,,c:\Study Material\FYP\QCanvas-Project\QCanvas\benchmarks\metrics\distributions\deutsch_jozsa_8q_pennylane_8192_trial10.json,True
deutsch_jozsa,qiskit,8,1024,100.67190999980085,0.880980763446385,0.342680549621582,0.05949985890744348,9.225,,c:\Study Material\FYP\QCanvas-Project\QCanvas\benchmarks\metrics\distributions\deutsch_jozsa_8q_qiskit_1024_trial10.json,True
deutsch_jozsa,qiskit,8,4096,348.71557999995275,17.79211607641494,0.8844892501831054,0.04360622031254071,13.169999999999998,,c:\Study Material\FYP\QCanvas-Project\QCanvas\benchmarks\metrics\distributions\deutsch_jozsa_8q_qiskit_4096_trial10.json,True
deutsch_jozsa,qiskit,8,8192,683.336540000164,32.256960677450195,1.6428056716918946,0.04713452723912757,22.805,,c:\Study Material\FYP\QCanvas-Project\QCanvas\benchmarks\metrics\distributions\deutsch_jozsa_8q_qiskit_8192_trial10.json,True
ghz_state,cirq,3,1024,91.99371000013343,0.6517254225085097,0.24223222732543945,0.018398831548653554,10.995,,c:\Study Material\FYP\QCanvas-Project\QCanvas\benchmarks\metrics\distributions\ghz_state_3q_cirq_1024_trial10.json,True
ghz_state,cirq,3,4096,354.43108000017673,29.0752611458174,0.8249401092529297,0.018107578329884952,16.725,,c:\Study Material\FYP\QCanvas-Project\QCanvas\benchmarks\metrics\distributions\ghz_state_3q_cirq_4096_trial10.json,True
ghz_state,cirq,3,8192,675.4531999999017,34.670886439832145,1.597425365447998,0.0007856251226506688,11.53,,c:\Study Material\FYP\QCanvas-Project\QCanvas\benchmarks\metrics\distributions\ghz_state_3q_cirq_8192_trial10.json,True
ghz_state,pennylane,3,1024,92.14970000011817,1.200206087794111,0.24229602813720702,0.018232523254532874,8.430000000000001,,c:\Study Material\FYP\QCanvas-Project\QCanvas\benchmarks\metrics\distributions\ghz_state_3q_pennylane_1024_trial10.json,True
ghz_state,pennylane,3,4096,340.8836099995824,17.300331216992667,0.8189169883728027,0.0002700700764585532,13.165000000000001,,c:\Study Material\FYP\QCanvas-Project\QCanvas\benchmarks\metrics\distributions\ghz_state_3q_pennylane_4096_trial10.json,True
ghz_state,pennylane,3,8192,658.811599999899,14.12720193765582,1.5974756240844727,0.00027062689487457943,11.080000000000002,,c:\Study Material\FYP\QCanvas-Project\QCanvas\benchmarks\metrics\distributions\ghz_state_3q_pennylane_8192_trial10.json,True
ghz_state,qiskit,3,1024,92.29166000041005,1.1284880400718256,0.24225635528564454,0.018228043521458244,13.1,,c:\Study Material\FYP\QCanvas-Project\QCanvas\benchmarks\metrics\distributions\ghz_state_3q_qiskit_1024_trial10.json,True
ghz_state,qiskit,3,4096,342.37011000004713,19.39997455518717,0.8189829826354981,0.00021653214731623757,11.35,,c:\Study Material\FYP\QCanvas-Project\QCanvas\benchmarks\metrics\distributions\ghz_state_3q_qiskit_4096_trial10.json,True
ghz_state,qiskit,3,8192,656.9670899998528,14.400984494505858,1.5976293563842774,0.00023453129831827596,12.834999999999999,,c:\Study Material\FYP\QCanvas-Project\QCanvas\benchmarks\metrics\distributions\ghz_state_3q_qiskit_8192_trial10.json,True
ghz_state,cirq,4,1024,92.75082000003749,1.2956485179475161,0.23620004653930665,0.0002332832607947964,8.35,,c:\Study Material\FYP\QCanvas-Project\QCanvas\benchmarks\metrics\distributions\ghz_state_4q_cirq_1024_trial10.json,True
ghz_state,cirq,4,4096,340.6265400002667,18.514082307689826,0.8188868522644043,0.00020546511997849372,13.165000000000001,,c:\Study Material\FYP\QCanvas-Project\QCanvas\benchmarks\metrics\distributions\ghz_state_4q_cirq_4096_trial10.json,True
ghz_state,cirq,4,8192,662.6456600000893,18.165355590374194,1.597574520111084,0.00021874596830068264,10.67,,c:\Study Material\FYP\QCanvas-Project\QCanvas\benchmarks\metrics\distributions\ghz_state_4q_cirq_8192_trial10.json,True
ghz_state,pennylane,4,1024,114.93972000007489,2.5370301388117755,0.34717588424682616,0.0018535920314491558,16.735,,c:\Study Material\FYP\QCanvas-Project\QCanvas\benchmarks\metrics\distributions\ghz_state_4q_pennylane_1024_trial10.json,True
ghz_state,pennylane,4,4096,417.31634000007034,18.388021011178125,0.9911641120910645,0.035109285922049524,11.355,,c:\Study Material\FYP\QCanvas-Project\QCanvas\benchmarks\metrics\distributions\ghz_state_4q_pennylane_4096_trial10.json,True
ghz_state,pennylane,4,8192,824.5018199997503,35.33132039060055,1.8791362762451171,0.04121991531387249,13.459999999999999,,c:\Study Material\FYP\QCanvas-Project\QCanvas\benchmarks\metrics\distributions\ghz_state_4q_pennylane_8192_trial10.json,True
ghz_state,qiskit,4,1024,92.56324999987555,0.6282250463159704,0.24179563522338868,0.018422352099068715,13.64,,c:\Study Material\FYP\QCanvas-Project\QCanvas\benchmarks\metrics\distributions\ghz_state_4q_qiskit_1024_trial10.json,True
ghz_state,qiskit,4,4096,346.3706100003037,19.93502633274348,0.8243588447570801,0.018398244210606922,15.549999999999997,,c:\Study Material\FYP\QCanvas-Project\QCanvas\benchmarks\metrics\distributions\ghz_state_4q_qiskit_4096_trial10.json,True
ghz_state,qiskit,4,8192,671.2735300001441,33.07293811017683,1.6115530014038086,0.04251138810517663,10.940000000000001,,c:\Study Material\FYP\QCanvas-Project\QCanvas\benchmarks\metrics\distributions\ghz_state_4q_qiskit_8192_trial10.json,True
ghz_state,cirq,5,1024,92.68152999993617,1.1541475727238115,0.24162626266479492,0.018485182572274283,8.69,,c:\Study Material\FYP\QCanvas-Project\QCanvas\benchmarks\metrics\distributions\ghz_state_5q_cirq_1024_trial10.json,True
ghz_state,cirq,5,4096,341.0640300004161,17.91833036024503,0.8188052177429199,0.00020631537656745635,12.959999999999999,,c:\Study Material\FYP\QCanvas-Project\QCanvas\benchmarks\metrics\distributions\ghz_state_5q_cirq_4096_trial10.json,True
ghz_state,cirq,5,8192,674.0232400003151,38.36321849138417,1.6044923782348632,0.018034317127452057,13.535000000000002,,c:\Study Material\FYP\QCanvas-Project\QCanvas\benchmarks\metrics\distributions\ghz_state_5q_cirq_8192_trial10.json,True
ghz_state,pennylane,5,1024,137.71735000027547,4.065831517634337,0.3932783126831055,0.024569351801520197,12.255,,c:\Study Material\FYP\QCanvas-Project\QCanvas\benchmarks\metrics\distributions\ghz_state_5q_pennylane_1024_trial10.json,True
ghz_state,pennylane,5,4096,530.367539999861,42.672729495906005,1.137037467956543,0.040314259992507456,17.495,,c:\Study Material\FYP\QCanvas-Project\QCanvas\benchmarks\metrics\distributions\ghz_state_5q_pennylane_4096_trial10.json,True
ghz_state,pennylane,5,8192,991.120299999784,39.229538086681906,2.1342559814453126,0.00013350364096717282,12.719999999999999,,c:\Study Material\FYP\QCanvas-Project\QCanvas\benchmarks\metrics\distributions\ghz_state_5q_pennylane_8192_trial10.json,True
ghz_state,qiskit,5,1024,91.36476000003313,0.5891112338311979,0.24245176315307618,0.01820538391965465,9.11,,c:\Study Material\FYP\QCanvas-Project\QCanvas\benchmarks\metrics\distributions\ghz_state_5q_qiskit_1024_trial10.json,True
ghz_state,qiskit,5,4096,337.1597399996972,18.47975941022261,0.8190808296203613,0.0002703949242414861,11.08,,c:\Study Material\FYP\QCanvas-Project\QCanvas\benchmarks\metrics\distributions\ghz_state_5q_qiskit_4096_trial10.json,True
ghz_state,qiskit,5,8192,653.5986599996249,16.642092102093685,1.5977083206176759,0.00013343277206779043,10.285,,c:\Study Material\FYP\QCanvas-Project\QCanvas\benchmarks\metrics\distributions\ghz_state_5q_qiskit_8192_trial10.json,True
ghz_state,cirq,6,1024,91.31805999986682,0.9089812089737129,0.2423264503479004,0.01812722113388987,7.935,,c:\Study Material\FYP\QCanvas-Project\QCanvas\benchmarks\metrics\distributions\ghz_state_6q_cirq_1024_trial10.json,True
ghz_state,cirq,6,4096,361.9451000000481,33.3533776956642,0.819802188873291,0.0025782115692837212,14.934999999999999,,c:\Study Material\FYP\QCanvas-Project\QCanvas\benchmarks\metrics\distributions\ghz_state_6q_cirq_4096_trial10.json,True
ghz_state,cirq,6,8192,671.8689100001939,20.540008217901384,1.5975790977478028,0.0002415472551447403,13.084999999999999,,c:\Study Material\FYP\QCanvas-Project\QCanvas\benchmarks\metrics\distributions\ghz_state_6q_cirq_8192_trial10.json,True
ghz_state,pennylane,6,1024,167.973090000487,9.85949620952793,0.428096866607666,0.042591119394346615,15.120000000000001,,c:\Study Material\FYP\QCanvas-Project\QCanvas\benchmarks\metrics\distributions\ghz_state_6q_pennylane_1024_trial10.json,True
ghz_state,pennylane,6,4096,586.8482399999266,18.71696720793146,1.2821901321411133,0.04570170647141852,13.180000000000001,,c:\Study Material\FYP\QCanvas-Project\QCanvas\benchmarks\metrics\distributions\ghz_state_6q_pennylane_4096_trial10.json,True
ghz_state,pennylane,6,8192,1134.0777999996135,35.213210927753885,2.4032856941223146,0.0017539272739065586,11.200000000000001,,c:\Study Material\FYP\QCanvas-Project\QCanvas\benchmarks\metrics\distributions\ghz_state_6q_pennylane_8192_trial10.json,True
ghz_state,qiskit,6,1024,91.10456999987946,0.9440334420744033,0.23845252990722657,0.0067396716440412995,6.595000000000001,,c:\Study Material\FYP\QCanvas-Project\QCanvas\benchmarks\metrics\distributions\ghz_state_6q_qiskit_1024_trial10.json,True
ghz_state,qiskit,6,4096,336.1210499997469,7.212455463591611,0.8187527656555176,0.0003415507708884007,11.05,,c:\Study Material\FYP\QCanvas-Project\QCanvas\benchmarks\metrics\distributions\ghz_state_6q_qiskit_4096_trial10.json,True
ghz_state,qiskit,6,8192,653.2966999999189,6.24675158814233,1.5974449157714843,0.0002651235868519608,11.58,,c:\Study Material\FYP\QCanvas-Project\QCanvas\benchmarks\metrics\distributions\ghz_state_6q_qiskit_8192_trial10.json,True
ghz_state,cirq,7,1024,91.6390099993805,0.8206494750342734,0.24163284301757812,0.018319535632975708,9.469999999999999,,c:\Study Material\FYP\QCanvas-Project\QCanvas\benchmarks\metrics\distributions\ghz_state_7q_cirq_1024_trial10.json,True
ghz_state,cirq,7,4096,334.9045599996316,7.416892583826098,0.8246081352233887,0.018265832699666605,14.025,,c:\Study Material\FYP\QCanvas-Project\QCanvas\benchmarks\metrics\distributions\ghz_state_7q_cirq_4096_trial10.json,True
ghz_state,cirq,7,8192,665.3317900003458,38.090005177961025,1.5972423553466797,0.0007897654497301907,9.675,,c:\Study Material\FYP\QCanvas-Project\QCanvas\benchmarks\metrics\distributions\ghz_state_7q_cirq_8192_trial10.json,True
ghz_state,pennylane,7,1024,178.3383900001354,3.903267481761058,0.49195661544799807,0.04471784224449022,8.605,,c:\Study Material\FYP\QCanvas-Project\QCanvas\benchmarks\metrics\distributions\ghz_state_7q_pennylane_1024_trial10.json,True
ghz_state,pennylane,7,4096,645.8228600004077,10.88058985963727,1.4267256736755372,0.05139347495304259,10.625000000000002,,c:\Study Material\FYP\QCanvas-Project\QCanvas\benchmarks\metrics\distributions\ghz_state_7q_pennylane_4096_trial10.json,True
ghz_state,pennylane,7,8192,1269.0624400003799,8.535271283183596,2.6809206008911133,0.029239246405373957,11.17,,c:\Study Material\FYP\QCanvas-Project\QCanvas\benchmarks\metrics\distributions\ghz_state_7q_pennylane_8192_trial10.json,True
ghz_state,qiskit,7,1024,92.12791999998444,1.1812694613520884,0.23621044158935547,0.00028788304862427036,8.395,,c:\Study Material\FYP\QCanvas-Project\QCanvas\benchmarks\metrics\distributions\ghz_state_7q_qiskit_1024_trial10.json,True
ghz_state,qiskit,7,4096,346.28063999989536,30.478161959859147,0.8187507629394531,0.0008416964626361183,11.9,,c:\Study Material\FYP\QCanvas-Project\QCanvas\benchmarks\metrics\distributions\ghz_state_7q_qiskit_4096_trial10.json,True
ghz_state,qiskit,7,8192,652.9328399998121,7.006440854646611,1.5977190017700196,0.00024971040060767317,9.77,,c:\Study Material\FYP\QCanvas-Project\QCanvas\benchmarks\metrics\distributions\ghz_state_7q_qiskit_8192_trial10.json,True
ghz_state,cirq,8,1024,91.66254000028857,0.866714317343095,0.24210290908813475,0.01810372942929303,12.205000000000002,,c:\Study Material\FYP\QCanvas-Project\QCanvas\benchmarks\metrics\distributions\ghz_state_8q_cirq_1024_trial10.json,True
ghz_state,cirq,8,4096,335.7629400001315,9.082320720083821,0.8243081092834472,0.018378797994259365,10.18,,c:\Study Material\FYP\QCanvas-Project\QCanvas\benchmarks\metrics\distributions\ghz_state_8q_cirq_4096_trial10.json,True
ghz_state,cirq,8,8192,658.5746600001585,8.821239196980384,1.5974432945251464,0.0003064038630324673,14.115,,c:\Study Material\FYP\QCanvas-Project\QCanvas\benchmarks\metrics\distributions\ghz_state_8q_cirq_8192_trial10.json,True
ghz_state,pennylane,8,1024,205.9283399994456,4.877557356230211,0.5291414260864258,0.05229309524178496,14.529999999999998,,c:\Study Material\FYP\QCanvas-Project\QCanvas\benchmarks\metrics\distributions\ghz_state_8q_pennylane_1024_trial10.json,True
ghz_state,pennylane,8,4096,740.7968499997878,29.333744944816136,1.5991037368774415,0.054976383566970176,10.575,,c:\Study Material\FYP\QCanvas-Project\QCanvas\benchmarks\metrics\distributions\ghz_state_8q_pennylane_4096_trial10.json,True
ghz_state,pennylane,8,8192,1416.7851999995037,14.1966634631976,2.96566219329834,0.05099140032457162,8.764999999999999,,c:\Study Material\FYP\QCanvas-Project\QCanvas\benchmarks\metrics\distributions\ghz_state_8q_pennylane_8192_trial10.json,True
ghz_state,qiskit,8,1024,91.23831000051723,0.7474161189378533,0.24227848052978515,0.01829909404665365,7.865,,c:\Study Material\FYP\QCanvas-Project\QCanvas\benchmarks\metrics\distributions\ghz_state_8q_qiskit_1024_trial10.json,True
ghz_state,qiskit,8,4096,333.2416100000046,4.816612685882271,0.8243955612182617,0.018405522951106326,10.889999999999999,,c:\Study Material\FYP\QCanvas-Project\QCanvas\benchmarks\metrics\distributions\ghz_state_8q_qiskit_4096_trial10.json,True
ghz_state,qiskit,8,8192,664.4225300000471,31.851281169590525,1.5972649574279785,0.0007855830517933502,10.799999999999999,,c:\Study Material\FYP\QCanvas-Project\QCanvas\benchmarks\metrics\distributions\ghz_state_8q_qiskit_8192_trial10.json,True
grovers_algorithm,cirq,2,1024,84.42748999987089,0.9450771858337429,0.34989337921142577,0.04270449974196747,12.12,,c:\Study Material\FYP\QCanvas-Project\QCanvas\benchmarks\metrics\distributions\grovers_algorithm_2q_cirq_1024_trial10.json,True
grovers_algorithm,cirq,2,4096,277.9286299999512,8.733970263545281,0.7830584526062012,0.04669109083371023,13.649999999999997,,c:\Study Material\FYP\QCanvas-Project\QCanvas\benchmarks\metrics\distributions\grovers_algorithm_2q_cirq_4096_trial10.json,True
grovers_algorithm,cirq,2,8192,516.1521800002447,6.589456636666118,1.3849242210388184,0.027985351745081995,10.83,,c:\Study Material\FYP\QCanvas-Project\QCanvas\benchmarks\metrics\distributions\grovers_algorithm_2q_cirq_8192_trial10.json,True
grovers_algorithm,pennylane,2,1024,85.12353999976767,2.1164884135135926,0.3115525245666504,0.042484732651547126,14.865,,c:\Study Material\FYP\QCanvas-Project\QCanvas\benchmarks\metrics\distributions\grovers_algorithm_2q_pennylane_1024_trial10.json,True
grovers_algorithm,pennylane,2,4096,278.4214199999042,29.15171485658989,0.7740764617919922,0.0502163654916702,9.76,,c:\Study Material\FYP\QCanvas-Project\QCanvas\benchmarks\metrics\distributions\grovers_algorithm_2q_pennylane_4096_trial10.json,True
grovers_algorithm,pennylane,2,8192,517.6984699997774,10.26683003275061,1.3872806549072265,0.029650266353000134,11.02,,c:\Study Material\FYP\QCanvas-Project\QCanvas\benchmarks\metrics\distributions\grovers_algorithm_2q_pennylane_8192_trial10.json,True
grovers_algorithm,qiskit,2,1024,85.80251000003045,2.987673657007236,0.33561153411865235,0.0017720011396830826,12.954999999999998,,c:\Study Material\FYP\QCanvas-Project\QCanvas\benchmarks\metrics\distributions\grovers_algorithm_2q_qiskit_1024_trial10.json,True
grovers_algorithm,qiskit,2,4096,270.31726999994135,6.014664702884693,0.77255277633667,0.047777527643052126,9.32,,c:\Study Material\FYP\QCanvas-Project\QCanvas\benchmarks\metrics\distributions\grovers_algorithm_2q_qiskit_4096_trial10.json,True
grovers_algorithm,qiskit,2,8192,529.0049900002487,34.91281940363607,1.3846982955932616,0.028427201484414927,10.580000000000002,,c:\Study Material\FYP\QCanvas-Project\QCanvas\benchmarks\metrics\distributions\grovers_algorithm_2q_qiskit_8192_trial10.json,True
grovers_algorithm,cirq,3,1024,84.09246000046551,0.7296891452494693,0.31261367797851564,0.036457363904060465,19.505000000000003,,c:\Study Material\FYP\QCanvas-Project\QCanvas\benchmarks\metrics\distributions\grovers_algorithm_3q_cirq_1024_trial10.json,True
grovers_algorithm,cirq,3,4096,270.3668399995877,6.265600163834601,0.7739267349243164,0.0483191974735073,10.395,,c:\Study Material\FYP\QCanvas-Project\QCanvas\benchmarks\metrics\distributions\grovers_algorithm_3q_cirq_4096_trial10.json,True
grovers_algorithm,cirq,3,8192,517.7010699995662,10.73726832842239,1.3983899116516114,0.048657147808434845,13.584999999999999,,c:\Study Material\FYP\QCanvas-Project\QCanvas\benchmarks\metrics\distributions\grovers_algorithm_3q_cirq_8192_trial10.json,True
grovers_algorithm,pennylane,3,1024,133.26000999986718,0.8357545571987807,0.5184194564819335,0.06719513442228985,9.345,,c:\Study Material\FYP\QCanvas-Project\QCanvas\benchmarks\metrics\distributions\grovers_algorithm_3q_pennylane_1024_trial10.json,True
grovers_algorithm,pennylane,3,4096,392.0125500000722,30.61411467007551,1.020145797729492,0.09450545140257621,11.459999999999999,,c:\Study Material\FYP\QCanvas-Project\QCanvas\benchmarks\metrics\distributions\grovers_algorithm_3q_pennylane_4096_trial10.json,True
grovers_algorithm,pennylane,3,8192,700.3882800003339,12.135907365589487,1.7508338928222655,0.0810355803302364,10.809999999999999,,c:\Study Material\FYP\QCanvas-Project\QCanvas\benchmarks\metrics\distributions\grovers_algorithm_3q_pennylane_8192_trial10.json,True
grovers_algorithm,qiskit,3,1024,84.6248400006516,1.373131552074612,0.3336167335510254,0.0017697803386052897,11.75,,c:\Study Material\FYP\QCanvas-Project\QCanvas\benchmarks\metrics\distributions\grovers_algorithm_3q_qiskit_1024_trial10.json,True
grovers_algorithm,qiskit,3,4096,285.4987099999562,31.27713079656723,0.7728859901428222,0.04893398758682529,12.925,,c:\Study Material\FYP\QCanvas-Project\QCanvas\benchmarks\metrics\distributions\grovers_algorithm_3q_qiskit_4096_trial10.json,True
grovers_algorithm,qiskit,3,8192,520.5567199998768,18.38298585074719,1.3865914344787598,0.028496789985669863,11.01,,c:\Study Material\FYP\QCanvas-Project\QCanvas\benchmarks\metrics\distributions\grovers_algorithm_3q_qiskit_8192_trial10.json,True
grovers_algorithm,cirq,4,1024,83.5723300000609,0.7723776058078845,0.31267709732055665,0.0365009188534909,7.12,,c:\Study Material\FYP\QCanvas-Project\QCanvas\benchmarks\metrics\distributions\grovers_algorithm_4q_cirq_1024_trial10.json,True
grovers_algorithm,cirq,4,4096,266.94790000037756,2.810406885275076,0.7729378700256347,0.04817203662317955,7.975,,c:\Study Material\FYP\QCanvas-Project\QCanvas\benchmarks\metrics\distributions\grovers_algorithm_4q_cirq_4096_trial10.json,True
grovers_algorithm,cirq,4,8192,532.3452900001939,30.122397056601514,1.3850824356079101,0.027210190287779195,12.434999999999999,,c:\Study Material\FYP\QCanvas-Project\QCanvas\benchmarks\metrics\distributions\grovers_algorithm_4q_cirq_8192_trial10.json,True
grovers_algorithm,pennylane,4,1024,193.0946700003915,6.572730211498378,0.8285234451293946,0.07551426763794616,14.094999999999999,,c:\Study Material\FYP\QCanvas-Project\QCanvas\benchmarks\metrics\distributions\grovers_algorithm_4q_pennylane_1024_trial10.json,True
grovers_algorithm,pennylane,4,4096,486.219539999729,8.30211775277127,1.2984503746032714,0.16963332678724927,14.060000000000002,,c:\Study Material\FYP\QCanvas-Project\QCanvas\benchmarks\metrics\distributions\grovers_algorithm_4q_pennylane_4096_trial10.json,True
grovers_algorithm,pennylane,4,8192,887.9789299995537,36.38574242932422,2.2585703849792482,0.1980533401756705,13.309999999999999,,c:\Study Material\FYP\QCanvas-Project\QCanvas\benchmarks\metrics\distributions\grovers_algorithm_4q_pennylane_8192_trial10.json,True
grovers_algorithm,qiskit,4,1024,84.09781999962433,1.1898329350878742,0.3123303413391113,0.03370888844415108,9.07,,c:\Study Material\FYP\QCanvas-Project\QCanvas\benchmarks\metrics\distributions\grovers_algorithm_4q_qiskit_1024_trial10.json,True
grovers_algorithm,qiskit,4,4096,284.85960999987583,38.33410862872876,0.7862465858459473,0.07501588917185131,12.025000000000002,,c:\Study Material\FYP\QCanvas-Project\QCanvas\benchmarks\metrics\distributions\grovers_algorithm_4q_qiskit_4096_trial10.json,True
grovers_algorithm,qiskit,4,8192,516.4673100000073,7.977931223303507,1.3863362312316894,0.0277098906671123,11.3,,c:\Study Material\FYP\QCanvas-Project\QCanvas\benchmarks\metrics\distributions\grovers_algorithm_4q_qiskit_8192_trial10.json,True
grovers_algorithm,cirq,5,1024,84.57924999966053,2.018377159274928,0.31102876663208007,0.03906560607722756,9.3,,c:\Study Material\FYP\QCanvas-Project\QCanvas\benchmarks\metrics\distributions\grovers_algorithm_5q_cirq_1024_trial10.json,True
grovers_algorithm,cirq,5,4096,275.43552000024647,5.020635088857128,0.7727683067321778,0.04815632105457805,21.69,,c:\Study Material\FYP\QCanvas-Project\QCanvas\benchmarks\metrics\distributions\grovers_algorithm_5q_cirq_4096_trial10.json,True
grovers_algorithm,cirq,5,8192,529.037679999783,29.718929650377156,1.385544204711914,0.029045682597122105,13.569999999999999,,c:\Study Material\FYP\QCanvas-Project\QCanvas\benchmarks\metrics\distributions\grovers_algorithm_5q_cirq_8192_trial10.json,True
grovers_algorithm,pennylane,5,1024,264.0818300000319,5.281786529099529,1.2060558319091796,0.09665168569805162,13.315000000000001,,c:\Study Material\FYP\QCanvas-Project\QCanvas\benchmarks\metrics\distributions\grovers_algorithm_5q_pennylane_1024_trial10.json,True
grovers_algorithm,pennylane,5,4096,626.072280000335,39.1510004173139,1.903209114074707,0.23101076176603633,10.150000000000002,,c:\Study Material\FYP\QCanvas-Project\QCanvas\benchmarks\metrics\distributions\grovers_algorithm_5q_pennylane_4096_trial10.json,True
grovers_algorithm,pennylane,5,8192,1096.8760900002962,47.017961937457294,2.957578754425049,0.19537343474141405,18.389999999999997,,c:\Study Material\FYP\QCanvas-Project\QCanvas\benchmarks\metrics\distributions\grovers_algorithm_5q_pennylane_8192_trial10.json,True
grovers_algorithm,qiskit,5,1024,83.3490899998651,0.8345034322548546,0.33364477157592776,0.0017106468260373227,10.684999999999999,,c:\Study Material\FYP\QCanvas-Project\QCanvas\benchmarks\metrics\distributions\grovers_algorithm_5q_qiskit_1024_trial10.json,True
grovers_algorithm,qiskit,5,4096,273.03561000007903,9.162805532894568,0.7809336662292481,0.046614351113508486,18.055,,c:\Study Material\FYP\QCanvas-Project\QCanvas\benchmarks\metrics\distributions\grovers_algorithm_5q_qiskit_4096_trial10.json,True
grovers_algorithm,qiskit,5,8192,529.8605300002237,32.458758554893265,1.3856063842773438,0.02705510376109712,10.825,,c:\Study Material\FYP\QCanvas-Project\QCanvas\benchmarks\metrics\distributions\grovers_algorithm_5q_qiskit_8192_trial10.json,True
grovers_algorithm,cirq,6,1024,84.11438999974052,0.8505628398718571,0.31730175018310547,0.03167837413750532,17.669999999999998,,c:\Study Material\FYP\QCanvas-Project\QCanvas\benchmarks\metrics\distributions\grovers_algorithm_6q_cirq_1024_trial10.json,True
grovers_algorithm,cirq,6,4096,266.8497100001332,1.9595641640178751,0.7736048698425293,0.04790777746567762,8.139999999999999,,c:\Study Material\FYP\QCanvas-Project\QCanvas\benchmarks\metrics\distributions\grovers_algorithm_6q_cirq_4096_trial10.json,True
grovers_algorithm,cirq,6,8192,525.6688700002996,30.326593714615584,1.3951004028320313,0.04057446375892694,9.879999999999999,,c:\Study Material\FYP\QCanvas-Project\QCanvas\benchmarks\metrics\distributions\grovers_algorithm_6q_cirq_8192_trial10.json,True
grovers_algorithm,pennylane,6,1024,386.16723000013735,40.35568166927309,1.8126729011535645,0.1352700223172442,11.34,,c:\Study Material\FYP\QCanvas-Project\QCanvas\benchmarks\metrics\distributions\grovers_algorithm_6q_pennylane_1024_trial10.json,True
grovers_algorithm,pennylane,6,4096,795.3303300002517,37.11917609949444,2.7053518295288086,0.1135547193365289,16.634999999999998,,c:\Study Material\FYP\QCanvas-Project\QCanvas\benchmarks\metrics\distributions\grovers_algorithm_6q_pennylane_4096_trial10.json,True
grovers_algorithm,pennylane,6,8192,1331.773450000037,65.46985716745105,3.7184511184692384,0.3667500276656728,9.27,,c:\Study Material\FYP\QCanvas-Project\QCanvas\benchmarks\metrics\distributions\grovers_algorithm_6q_pennylane_8192_trial10.json,True
grovers_algorithm,qiskit,6,1024,83.80483000055392,0.8143803730027656,0.3337087631225586,0.0017598858396750965,8.08,,c:\Study Material\FYP\QCanvas-Project\QCanvas\benchmarks\metrics\distributions\grovers_algorithm_6q_qiskit_1024_trial10.json,True
grovers_algorithm,qiskit,6,4096,272.2361499996623,10.339581735080802,0.7811453819274903,0.04649438315399335,11.27,,c:\Study Material\FYP\QCanvas-Project\QCanvas\benchmarks\metrics\distributions\grovers_algorithm_6q_qiskit_4096_trial10.json,True
grovers_algorithm,qiskit,6,8192,529.4162700001834,32.77204493296939,1.3852787971496583,0.02727787876980966,13.044999999999998,,c:\Study Material\FYP\QCanvas-Project\QCanvas\benchmarks\metrics\distributions\grovers_algorithm_6q_qiskit_8192_trial10.json,True
phase_flip_code,cirq,3,1024,101.22387999945204,0.8419842667997716,0.3697709083557129,0.04265426385578753,10.23,,c:\Study Material\FYP\QCanvas-Project\QCanvas\benchmarks\metrics\distributions\phase_flip_code_3q_cirq_1024_trial10.json,True
phase_flip_code,cirq,3,4096,343.7256300001536,3.850136992109221,0.8923393249511719,0.046399665509609576,10.290000000000001,,c:\Study Material\FYP\QCanvas-Project\QCanvas\benchmarks\metrics\distributions\phase_flip_code_3q_cirq_4096_trial10.json,True
phase_flip_code,cirq,3,8192,666.7419800000062,9.951556503146863,1.6258615493774413,0.00020218489296308753,11.72,,c:\Study Material\FYP\QCanvas-Project\QCanvas\benchmarks\metrics\distributions\phase_flip_code_3q_cirq_8192_trial10.json,True
phase_flip_code,pennylane,3,1024,103.4303300000829,0.7979756338774529,0.38227138519287107,0.04244222084297756,11.335,,c:\Study Material\FYP\QCanvas-Project\QCanvas\benchmarks\metrics\distributions\phase_flip_code_3q_pennylane_1024_trial10.json,True
phase_flip_code,pennylane,3,4096,362.3443100002987,35.73028774571204,0.8928663253784179,0.050769548445938825,18.27,,c:\Study Material\FYP\QCanvas-Project\QCanvas\benchmarks\metrics\distributions\phase_flip_code_3q_pennylane_4096_trial10.json,True
phase_flip_code,pennylane,3,8192,667.8409799998917,12.411633560854519,1.641897201538086,0.029821764581082644,10.594999999999999,,c:\Study Material\FYP\QCanvas-Project\QCanvas\benchmarks\metrics\distributions\phase_flip_code_3q_pennylane_8192_trial10.json,True
phase_flip_code,qiskit,3,1024,103.12267000026623,0.4765097566713301,0.36552915573120115,0.0329531520700186,7.470000000000001,,c:\Study Material\FYP\QCanvas-Project\QCanvas\benchmarks\metrics\distributions\phase_flip_code_3q_qiskit_1024_trial10.json,True
phase_flip_code,qiskit,3,4096,352.3050800004057,8.324076427006124,0.9020226478576661,0.05000932509428226,13.49,,c:\Study Material\FYP\QCanvas-Project\QCanvas\benchmarks\metrics\distributions\phase_flip_code_3q_qiskit_4096_trial10.json,True
phase_flip_code,qiskit,3,8192,729.3890899998587,88.45288111255347,1.6410028457641601,0.029903024504160384,23.505,,c:\Study Material\FYP\QCanvas-Project\QCanvas\benchmarks\metrics\distributions\phase_flip_code_3q_qiskit_8192_trial10.json,True
qaoa,cirq,2,1024,83.67005000000063,3.891693602888042,0.2879852294921875,0.04338613797578298,13.684999999999999,,c:\Study Material\FYP\QCanvas-Project\QCanvas\benchmarks\metrics\distributions\qaoa_2q_cirq_1024_trial10.json,True
qaoa,cirq,2,4096,274.16996999982075,10.006247480267177,0.7529207229614258,0.043546446385296395,14.055000000000001,,c:\Study Material\FYP\QCanvas-Project\QCanvas\benchmarks\metrics\distributions\qaoa_2q_cirq_4096_trial10.json,True
qaoa,cirq,2,8192,527.4446999999782,33.0381234972574,1.368406105041504,0.02474180479543414,16.605,,c:\Study Material\FYP\QCanvas-Project\QCanvas\benchmarks\metrics\distributions\qaoa_2q_cirq_8192_trial10.json,True
qaoa,pennylane,2,1024,79.82180000017252,0.837178167009855,0.1787703514099121,0.015974230603233497,8.930000000000001,,c:\Study Material\FYP\QCanvas-Project\QCanvas\benchmarks\metrics\distributions\qaoa_2q_pennylane_1024_trial10.json,True
qaoa,pennylane,2,4096,294.5933899998636,14.713011467518829,0.5696921348571777,0.014758219576785076,10.385,,c:\Study Material\FYP\QCanvas-Project\QCanvas\benchmarks\metrics\distributions\qaoa_2q_pennylane_4096_trial10.json,True
qaoa,pennylane,2,8192,593.9856100001634,33.661336329724705,1.1038987159729003,0.042816683406916564,11.709999999999999,,c:\Study Material\FYP\QCanvas-Project\QCanvas\benchmarks\metrics\distributions\qaoa_2q_pennylane_8192_trial10.json,True
qaoa,qiskit,2,1024,79.78815000005852,2.709522124798804,0.286698055267334,0.04239469243652098,9.165,,c:\Study Material\FYP\QCanvas-Project\QCanvas\benchmarks\metrics\distributions\qaoa_2q_qiskit_1024_trial10.json,True
qaoa,qiskit,2,4096,269.1530000001876,6.578745935716747,0.7527237892150879,0.04396916737787418,17.825,,c:\Study Material\FYP\QCanvas-Project\QCanvas\benchmarks\metrics\distributions\qaoa_2q_qiskit_4096_trial10.json,True
qaoa,qiskit,2,8192,518.4447000001455,15.86865633943579,1.3681079864501953,0.024823839278097226,13.055000000000001,,c:\Study Material\FYP\QCanvas-Project\QCanvas\benchmarks\metrics\distributions\qaoa_2q_qiskit_8192_trial10.json,True
qaoa,cirq,3,1024,80.30300000009447,1.7148109190247292,0.2920924186706543,0.028993782967578586,13.535000000000002,,c:\Study Material\FYP\QCanvas-Project\QCanvas\benchmarks\metrics\distributions\qaoa_3q_cirq_1024_trial10.json,True
qaoa,cirq,3,4096,274.0684699996564,30.184145090171913,0.7455057144165039,0.04354103764607456,13.379999999999999,,c:\Study Material\FYP\QCanvas-Project\QCanvas\benchmarks\metrics\distributions\qaoa_3q_cirq_4096_trial10.json,True
qaoa,cirq,3,8192,515.9248999996635,8.599399051450655,1.360452365875244,0.00015872994399715947,10.66,,c:\Study Material\FYP\QCanvas-Project\QCanvas\benchmarks\metrics\distributions\qaoa_3q_cirq_8192_trial10.json,True
qaoa,pennylane,3,1024,114.49655999967945,3.898198232978456,0.2685061454772949,0.06264624784714719,13.469999999999999,,c:\Study Material\FYP\QCanvas-Project\QCanvas\benchmarks\metrics\distributions\qaoa_3q_pennylane_1024_trial10.json,True
qaoa,pennylane,3,4096,432.27119999974093,47.27503234071085,0.6135905265808106,0.030552086414208084,15.789999999999997,,c:\Study Material\FYP\QCanvas-Project\QCanvas\benchmarks\metrics\distributions\qaoa_3q_pennylane_4096_trial10.json,True
qaoa,pennylane,3,8192,827.8222500002812,41.76938441545334,1.1401185989379883,0.05663162493739726,14.629999999999999,,c:\Study Material\FYP\QCanvas-Project\QCanvas\benchmarks\metrics\distributions\qaoa_3q_pennylane_8192_trial10.json,True
qaoa,qiskit,3,1024,78.42396999985795,1.0876925601893483,0.308747386932373,0.0020247458243728253,7.85,,c:\Study Material\FYP\QCanvas-Project\QCanvas\benchmarks\metrics\distributions\qaoa_3q_qiskit_1024_trial10.json,True
qaoa,qiskit,3,4096,265.16210999980103,5.927248441542456,0.752046012878418,0.04310436263338179,11.385000000000002,,c:\Study Material\FYP\QCanvas-Project\QCanvas\benchmarks\metrics\distributions\qaoa_3q_qiskit_4096_trial10.json,True
qaoa,qiskit,3,8192,509.7290800002156,4.640137296308848,1.3598779678344726,7.866998110087794e-05,9.849999999999998,,c:\Study Material\FYP\QCanvas-Project\QCanvas\benchmarks\metrics\distributions\qaoa_3q_qiskit_8192_trial10.json,True
qaoa,cirq,4,1024,89.93409000013344,29.20581385803038,0.28388662338256837,0.04041196315630105,15.824999999999998,,c:\Study Material\FYP\QCanvas-Project\QCanvas\benchmarks\metrics\distributions\qaoa_4q_cirq_1024_trial10.json,True
qaoa,cirq,4,4096,273.83697999957803,8.44181322923831,0.7526897430419922,0.042957136538156165,14.735,,c:\Study Material\FYP\QCanvas-Project\QCanvas\benchmarks\metrics\distributions\qaoa_4q_cirq_4096_trial10.json,True
qaoa,cirq,4,8192,518.4011000003011,14.834322097829473,1.3689833641052247,0.025630187850775744,11.5,,c:\Study Material\FYP\QCanvas-Project\QCanvas\benchmarks\metrics\distributions\qaoa_4q_cirq_8192_trial10.json,True
qaoa,pennylane,4,1024,146.3156000001618,5.67604333895783,0.26775236129760743,0.0008317822573730647,11.05,,c:\Study Material\FYP\QCanvas-Project\QCanvas\benchmarks\metrics\distributions\qaoa_4q_pennylane_1024_trial10.json,True
qaoa,pennylane,4,4096,536.9523899997148,32.152043877962605,0.6222167015075684,0.0460219961540611,10.22,,c:\Study Material\FYP\QCanvas-Project\QCanvas\benchmarks\metrics\distributions\qaoa_4q_pennylane_4096_trial10.json,True
qaoa,pennylane,4,8192,1053.7348500000007,41.0474434858436,1.1428070068359375,0.046189791747126605,13.564999999999998,,c:\Study Material\FYP\QCanvas-Project\QCanvas\benchmarks\metrics\distributions\qaoa_4q_pennylane_8192_trial10.json,True
qaoa,qiskit,4,1024,78.74652000009519,0.5092697082440839,0.2959780693054199,0.021677530886156288,9.65,,c:\Study Material\FYP\QCanvas-Project\QCanvas\benchmarks\metrics\distributions\qaoa_4q_qiskit_1024_trial10.json,True
qaoa,qiskit,4,4096,279.9968999997873,28.264545613124685,0.7619099617004395,0.04302638629594768,14.639999999999997,,c:\Study Material\FYP\QCanvas-Project\QCanvas\benchmarks\metrics\distributions\qaoa_4q_qiskit_4096_trial10.json,True
qaoa,qiskit,4,8192,518.8182600004438,18.11002914494477,1.3683332443237304,0.025809354038828575,12.2,,c:\Study Material\FYP\QCanvas-Project\QCanvas\benchmarks\metrics\distributions\qaoa_4q_qiskit_8192_trial10.json,True
qaoa,cirq,5,1024,78.60089000005246,0.43587322565043957,0.3089564323425293,0.0019719576573302387,8.225000000000001,,c:\Study Material\FYP\QCanvas-Project\QCanvas\benchmarks\metrics\distributions\qaoa_5q_cirq_1024_trial10.json,True
qaoa,cirq,5,4096,262.5051099999837,2.1763160928374927,0.7525532722473145,0.04300116782030786,9.610000000000001,,c:\Study Material\FYP\QCanvas-Project\QCanvas\benchmarks\metrics\distributions\qaoa_5q_cirq_4096_trial10.json,True
qaoa,cirq,5,8192,524.9075599997013,34.812653617663656,1.3603759765625,0.001350684675341803,16.220000000000002,,c:\Study Material\FYP\QCanvas-Project\QCanvas\benchmarks\metrics\distributions\qaoa_5q_cirq_8192_trial10.json,True
qaoa,pennylane,5,1024,181.26788000026863,7.975385257580001,0.29035272598266604,0.059444269607827914,13.954999999999998,,c:\Study Material\FYP\QCanvas-Project\QCanvas\benchmarks\metrics\distributions\qaoa_5q_pennylane_1024_trial10.json,True
qaoa,pennylane,5,4096,662.4375500001406,35.15197712896981,0.6623234748840332,0.05389302082588672,16.28,,c:\Study Material\FYP\QCanvas-Project\QCanvas\benchmarks\metrics\distributions\qaoa_5q_pennylane_4096_trial10.json,True
qaoa,pennylane,5,8192,1323.1936099999075,65.78466086382582,1.1645161628723144,0.04814889241691473,12.65,,c:\Study Material\FYP\QCanvas-Project\QCanvas\benchmarks\metrics\distributions\qaoa_5q_pennylane_8192_trial10.json,True
qaoa,qiskit,5,1024,88.91410999985965,11.949966613985955,0.30672311782836914,0.032365644285449684,25.285,,c:\Study Material\FYP\QCanvas-Project\QCanvas\benchmarks\metrics\distributions\qaoa_5q_qiskit_1024_trial10.json,True
qaoa,qiskit,5,4096,280.6296400001884,26.333054145764617,0.7521799087524415,0.042892930223448915,15.62,,c:\Study Material\FYP\QCanvas-Project\QCanvas\benchmarks\metrics\distributions\qaoa_5q_qiskit_4096_trial10.json,True
qaoa,qiskit,5,8192,535.3282299998682,27.559474006742946,1.368323516845703,0.025803146667660256,14.565000000000001,,c:\Study Material\FYP\QCanvas-Project\QCanvas\benchmarks\metrics\distributions\qaoa_5q_qiskit_8192_trial10.json,True
qaoa,cirq,6,1024,78.6987900002714,0.8396181485250757,0.2958540916442871,0.02228809900785126,13.190000000000001,,c:\Study Material\FYP\QCanvas-Project\QCanvas\benchmarks\metrics\distributions\qaoa_6q_cirq_1024_trial10.json,True
qaoa,cirq,6,4096,265.9888199998022,6.445240275992683,0.7610411643981934,0.04225435386146761,11.610000000000001,,c:\Study Material\FYP\QCanvas-Project\QCanvas\benchmarks\metrics\distributions\qaoa_6q_cirq_4096_trial10.json,True
qaoa,cirq,6,8192,539.9139600000126,37.470222458645374,1.3784873008728027,0.035756510199140536,12.965,,c:\Study Material\FYP\QCanvas-Project\QCanvas\benchmarks\metrics\distributions\qaoa_6q_cirq_8192_trial10.json,True
qaoa,pennylane,6,1024,214.7265300001891,10.393837707305044,0.3162961006164551,0.0025938110514848677,18.020000000000003,,c:\Study Material\FYP\QCanvas-Project\QCanvas\benchmarks\metrics\distributions\qaoa_6q_pennylane_1024_trial10.json,True
qaoa,pennylane,6,4096,779.149850000249,48.24878464087419,0.6745282173156738,0.048646505938538906,16.02,,c:\Study Material\FYP\QCanvas-Project\QCanvas\benchmarks\metrics\distributions\qaoa_6q_pennylane_4096_trial10.json,True
qaoa,pennylane,6,8192,1534.8702100000082,56.31536868937624,1.2088591575622558,0.06253558590277919,10.635,,c:\Study Material\FYP\QCanvas-Project\QCanvas\benchmarks\metrics\distributions\qaoa_6q_pennylane_8192_trial10.json,True
qaoa,qiskit,6,1024,89.16544000021531,30.961507743967868,0.2875375747680664,0.0364476357630569,9.594999999999999,,c:\Study Material\FYP\QCanvas-Project\QCanvas\benchmarks\metrics\distributions\qaoa_6q_qiskit_1024_trial10.json,True
qaoa,qiskit,6,4096,266.61459999977524,4.99948666740611,0.7524002075195313,0.04372427276439112,12.485,,c:\Study Material\FYP\QCanvas-Project\QCanvas\benchmarks\metrics\distributions\qaoa_6q_qiskit_4096_trial10.json,True
qaoa,qiskit,6,8192,513.2231999999931,9.168970482977254,1.3681277275085448,0.024775846789638494,11.419999999999998,,c:\Study Material\FYP\QCanvas-Project\QCanvas\benchmarks\metrics\distributions\qaoa_6q_qiskit_8192_trial10.json,True
qml_xor_classifier,cirq,2,1024,52.12912999995751,1.5242989622385426,0.18684091567993164,0.042236529596939874,13.775,,c:\Study Material\FYP\QCanvas-Project\QCanvas\benchmarks\metrics\distributions\qml_xor_classifier_2q_cirq_1024_trial10.json,True
qml_xor_classifier,cirq,2,4096,171.8675500002064,1.8742973194382608,0.5868062973022461,0.05642934258445997,9.540000000000001,,c:\Study Material\FYP\QCanvas-Project\QCanvas\benchmarks\metrics\distributions\qml_xor_classifier_2q_cirq_4096_trial10.json,True
qml_xor_classifier,cirq,2,8192,345.46996999979456,27.88754067444023,1.079427146911621,0.0008231962023988646,9.625,,c:\Study Material\FYP\QCanvas-Project\QCanvas\benchmarks\metrics\distributions\qml_xor_classifier_2q_cirq_8192_trial10.json,True
qml_xor_classifier,pennylane,2,1024,51.430140000047686,0.4839117362348275,0.18882808685302735,0.044230948676844135,9.255,,c:\Study Material\FYP\QCanvas-Project\QCanvas\benchmarks\metrics\distributions\qml_xor_classifier_2q_pennylane_1024_trial10.json,True
qml_xor_classifier,pennylane,2,4096,171.39934000060748,1.4467542643877964,0.5784997940063477,0.043945807373055264,7.875,,c:\Study Material\FYP\QCanvas-Project\QCanvas\benchmarks\metrics\distributions\qml_xor_classifier_2q_pennylane_4096_trial10.json,True
qml_xor_classifier,pennylane,2,8192,336.4278300001388,8.512153919693265,1.0796380043029785,0.00021504975207696858,10.35,,c:\Study Material\FYP\QCanvas-Project\QCanvas\benchmarks\metrics\distributions\qml_xor_classifier_2q_pennylane_8192_trial10.json,True
qml_xor_classifier,qiskit,2,1024,55.10801999971591,10.650382123966073,0.18897018432617188,0.04418124373301807,9.055,,c:\Study Material\FYP\QCanvas-Project\QCanvas\benchmarks\metrics\distributions\qml_xor_classifier_2q_qiskit_1024_trial10.json,True
qml_xor_classifier,qiskit,2,4096,170.74662999984866,1.4514479842394825,0.578183364868164,0.04282638834166916,9.41,,c:\Study Material\FYP\QCanvas-Project\QCanvas\benchmarks\metrics\distributions\qml_xor_classifier_2q_qiskit_4096_trial10.json,True
qml_xor_classifier,qiskit,2,8192,343.1632499998159,29.369970841116945,1.0794113159179688,0.0008185542601924692,9.375,,c:\Study Material\FYP\QCanvas-Project\QCanvas\benchmarks\metrics\distributions\qml_xor_classifier_2q_qiskit_8192_trial10.json,True
qml_xor_classifier,cirq,3,1024,54.14165000020148,5.7827805513814825,0.18900251388549805,0.044177685089186035,12.739999999999998,,c:\Study Material\FYP\QCanvas-Project\QCanvas\benchmarks\metrics\distributions\qml_xor_classifier_3q_cirq_1024_trial10.json,True
qml_xor_classifier,cirq,3,4096,171.7024500001571,1.9850910246081916,0.5781643867492676,0.04280988897904529,8.695,,c:\Study Material\FYP\QCanvas-Project\QCanvas\benchmarks\metrics\distributions\qml_xor_classifier_3q_cirq_4096_trial10.json,True
qml_xor_classifier,cirq,3,8192,344.36720999983663,31.939417799119134,1.079304027557373,0.0006718628519892473,10.97,,c:\Study Material\FYP\QCanvas-Project\QCanvas\benchmarks\metrics\distributions\qml_xor_classifier_3q_cirq_8192_trial10.json,True
qml_xor_classifier,pennylane,3,1024,55.8730500002639,0.559412662233593,0.2449037551879883,0.02245440998380871,8.09,,c:\Study Material\FYP\QCanvas-Project\QCanvas\benchmarks\metrics\distributions\qml_xor_classifier_3q_pennylane_1024_trial10.json,True
qml_xor_classifier,pennylane,3,4096,180.95164999995177,11.002248506887002,0.6179597854614258,0.04602443011872429,7.95,,c:\Study Material\FYP\QCanvas-Project\QCanvas\benchmarks\metrics\distributions\qml_xor_classifier_3q_pennylane_4096_trial10.json,True
qml_xor_classifier,pennylane,3,8192,341.6286800003945,5.238588981255412,1.0894157409667968,0.0005300737358069143,14.419999999999998,,c:\Study Material\FYP\QCanvas-Project\QCanvas\benchmarks\metrics\distributions\qml_xor_classifier_3q_pennylane_8192_trial10.json,True
qml_xor_classifier,qiskit,3,1024,51.57343999999284,0.5678554768354831,0.18931293487548828,0.043938163583138394,8.905,,c:\Study Material\FYP\QCanvas-Project\QCanvas\benchmarks\metrics\distributions\qml_xor_classifier_3q_qiskit_1024_trial10.json,True
qml_xor_classifier,qiskit,3,4096,171.1168900003031,2.417278921005237,0.5586267471313476,0.00019053935521345667,9.069999999999999,,c:\Study Material\FYP\QCanvas-Project\QCanvas\benchmarks\metrics\distributions\qml_xor_classifier_3q_qiskit_4096_trial10.json,True
qml_xor_classifier,qiskit,3,8192,343.4202499998719,34.77420439386977,1.0935048103332519,0.042473096442575166,9.1,,c:\Study Material\FYP\QCanvas-Project\QCanvas\benchmarks\metrics\distributions\qml_xor_classifier_3q_qiskit_8192_trial10.json,True
qml_xor_classifier,cirq,4,1024,52.10583000007318,1.2751997332781317,0.1776137351989746,0.018363110823774717,9.919999999999998,,c:\Study Material\FYP\QCanvas-Project\QCanvas\benchmarks\metrics\distributions\qml_xor_classifier_4q_cirq_1024_trial10.json,True
qml_xor_classifier,cirq,4,4096,172.37545999978465,2.9244483774177144,0.5782371520996094,0.04280448126032637,14.505,,c:\Study Material\FYP\QCanvas-Project\QCanvas\benchmarks\metrics\distributions\qml_xor_classifier_4q_cirq_4096_trial10.json,True
qml_xor_classifier,cirq,4,8192,333.85312000027625,8.28297986160426,1.079576587677002,0.00020477253083102466,8.72,,c:\Study Material\FYP\QCanvas-Project\QCanvas\benchmarks\metrics\distributions\qml_xor_classifier_4q_cirq_8192_trial10.json,True
qml_xor_classifier,pennylane,4,1024,59.42826000045898,0.9033613676460982,0.2753787040710449,0.0024230974691183973,6.6850000000000005,,c:\Study Material\FYP\QCanvas-Project\QCanvas\benchmarks\metrics\distributions\qml_xor_classifier_4q_pennylane_1024_trial10.json,True
qml_xor_classifier,pennylane,4,4096,194.7974600003363,28.391015409205405,0.6572075843811035,0.06727632282526015,12.45,,c:\Study Material\FYP\QCanvas-Project\QCanvas\benchmarks\metrics\distributions\qml_xor_classifier_4q_pennylane_4096_trial10.json,True
qml_xor_classifier,pennylane,4,8192,350.4750600002808,10.155745981879242,1.1074172973632812,0.026162542994335125,10.915000000000001,,c:\Study Material\FYP\QCanvas-Project\QCanvas\benchmarks\metrics\distributions\qml_xor_classifier_4q_pennylane_8192_trial10.json,True
qml_xor_classifier,qiskit,4,1024,57.421850000173436,8.678993327050827,0.1888568878173828,0.04418856612200785,18.04,,c:\Study Material\FYP\QCanvas-Project\QCanvas\benchmarks\metrics\distributions\qml_xor_classifier_4q_qiskit_1024_trial10.json,True
qml_xor_classifier,qiskit,4,4096,181.15447999953176,11.579030098497132,0.5780475616455079,0.04284019850782706,17.285000000000004,,c:\Study Material\FYP\QCanvas-Project\QCanvas\benchmarks\metrics\distributions\qml_xor_classifier_4q_qiskit_4096_trial10.json,True
qml_xor_classifier,qiskit,4,8192,339.24511000022903,30.37963961631899,1.0791964530944824,0.0007263265549674182,9.455000000000002,,c:\Study Material\FYP\QCanvas-Project\QCanvas\benchmarks\metrics\distributions\qml_xor_classifier_4q_qiskit_8192_trial10.json,True
qrng,cirq,4,1024,139.39664999998058,2.749468213340943,0.23395004272460937,0.018121305570785593,13.889999999999997,,c:\Study Material\FYP\QCanvas-Project\QCanvas\benchmarks\metrics\distributions\qrng_4q_cirq_1024_trial10.json,True
qrng,cirq,4,4096,516.6522500003339,11.477615716218786,0.606874942779541,0.02383001579397583,15.694999999999999,,c:\Study Material\FYP\QCanvas-Project\QCanvas\benchmarks\metrics\distributions\qrng_4q_cirq_4096_trial10.json,True
qrng,cirq,4,8192,1055.0570899999002,54.54626174731881,1.1246180534362793,0.042137992352505156,10.354999999999999,,c:\Study Material\FYP\QCanvas-Project\QCanvas\benchmarks\metrics\distributions\qrng_4q_cirq_8192_trial10.json,True
qrng,pennylane,4,1024,144.8329400000148,6.651671814346683,0.2367121696472168,0.020780602902177397,20.645,,c:\Study Material\FYP\QCanvas-Project\QCanvas\benchmarks\metrics\distributions\qrng_4q_pennylane_1024_trial10.json,True
qrng,pennylane,4,4096,527.1582800000033,31.64769067385485,0.6266924858093261,0.06631485269840608,15.810000000000002,,c:\Study Material\FYP\QCanvas-Project\QCanvas\benchmarks\metrics\distributions\qrng_4q_pennylane_4096_trial10.json,True
qrng,pennylane,4,8192,1044.5546700000705,52.63784449080425,1.1244140625,0.04243428049192828,10.040000000000001,,c:\Study Material\FYP\QCanvas-Project\QCanvas\benchmarks\metrics\distributions\qrng_4q_pennylane_8192_trial10.json,True
qrng,qiskit,4,1024,138.19107999970583,3.169476515232053,0.18054866790771484,0.01411415175305115,10.959999999999999,,c:\Study Material\FYP\QCanvas-Project\QCanvas\benchmarks\metrics\distributions\qrng_4q_qiskit_1024_trial10.json,True
qrng,qiskit,4,4096,530.4620400003841,40.92114430171188,0.5924077033996582,0.05733948548896508,10.475,,c:\Study Material\FYP\QCanvas-Project\QCanvas\benchmarks\metrics\distributions\qrng_4q_qiskit_4096_trial10.json,True
qrng,qiskit,4,8192,1052.8635799999392,47.28628107986549,1.1339726448059082,0.05588634991623218,11.125,,c:\Study Material\FYP\QCanvas-Project\QCanvas\benchmarks\metrics\distributions\qrng_4q_qiskit_8192_trial10.json,True
qrng,cirq,5,1024,140.7231800001682,3.958326128838077,0.23460721969604492,0.018356084535924303,14.155000000000001,,c:\Study Material\FYP\QCanvas-Project\QCanvas\benchmarks\metrics\distributions\qrng_5q_cirq_1024_trial10.json,True
qrng,cirq,5,4096,523.4539399998539,14.02194810666489,0.6159770965576172,0.04122671419762294,10.82,,c:\Study Material\FYP\QCanvas-Project\QCanvas\benchmarks\metrics\distributions\qrng_5q_cirq_4096_trial10.json,True
qrng,cirq,5,8192,1081.3731899996128,56.262031422278895,1.1306797981262207,0.044311412195984425,11.73,,c:\Study Material\FYP\QCanvas-Project\QCanvas\benchmarks\metrics\distributions\qrng_5q_cirq_8192_trial10.json,True
qrng,pennylane,5,1024,171.72309000052337,3.386245142156964,0.2731916427612305,0.04263779320342704,11.680000000000001,,c:\Study Material\FYP\QCanvas-Project\QCanvas\benchmarks\metrics\distributions\qrng_5q_pennylane_1024_trial10.json,True
qrng,pennylane,5,4096,643.6701899998297,17.4241619529487,0.6264411926269531,0.0432266608393285,10.07,,c:\Study Material\FYP\QCanvas-Project\QCanvas\benchmarks\metrics\distributions\qrng_5q_pennylane_4096_trial10.json,True
qrng,pennylane,5,8192,1289.6449199997733,45.70969594560149,1.1635453224182128,0.056442274795040236,10.385,,c:\Study Material\FYP\QCanvas-Project\QCanvas\benchmarks\metrics\distributions\qrng_5q_pennylane_8192_trial10.json,True
qrng,qiskit,5,1024,148.06140000018786,30.86320424516919,0.18009405136108397,0.014319788400885106,13.165000000000001,,c:\Study Material\FYP\QCanvas-Project\QCanvas\benchmarks\metrics\distributions\qrng_5q_qiskit_1024_trial10.json,True
qrng,qiskit,5,4096,517.9526099998839,13.470486932434625,0.5871357917785645,0.04231671587576362,11.965000000000002,,c:\Study Material\FYP\QCanvas-Project\QCanvas\benchmarks\metrics\distributions\qrng_5q_qiskit_4096_trial10.json,True
qrng,qiskit,5,8192,1049.2412499997954,45.161383641372026,1.1200021743774413,0.04229932964954008,12.725000000000001,,c:\Study Material\FYP\QCanvas-Project\QCanvas\benchmarks\metrics\distributions\qrng_5q_qiskit_8192_trial10.json,True
qrng,cirq,6,1024,139.7773699996833,2.5118106244448444,0.23471269607543946,0.01867203646188808,10.239999999999998,,c:\Study Material\FYP\QCanvas-Project\QCanvas\benchmarks\metrics\distributions\qrng_6q_cirq_1024_trial10.json,True
qrng,cirq,6,4096,521.7268899999908,11.978356569912716,0.6372523307800293,0.061042461281837684,9.419999999999998,,c:\Study Material\FYP\QCanvas-Project\QCanvas\benchmarks\metrics\distributions\qrng_6q_cirq_4096_trial10.json,True
qrng,cirq,6,8192,1057.0572299997366,43.543417902643505,1.1366138458251953,0.061478679914062036,14.989999999999998,,c:\Study Material\FYP\QCanvas-Project\QCanvas\benchmarks\metrics\distributions\qrng_6q_cirq_8192_trial10.json,True
qrng,pennylane,6,1024,204.61707999984355,8.033042975626408,0.2879458427429199,0.043233340213464595,12.475,,c:\Study Material\FYP\QCanvas-Project\QCanvas\benchmarks\metrics\distributions\qrng_6q_pennylane_1024_trial10.json,True
qrng,pennylane,6,4096,752.9930999997305,6.956411680024851,0.6566471099853516,0.0424193540755048,9.295,,c:\Study Material\FYP\QCanvas-Project\QCanvas\benchmarks\metrics\distributions\qrng_6q_pennylane_4096_trial10.json,True
qrng,pennylane,6,8192,1533.336479999889,61.97926239723453,1.1573307991027832,0.041689146878401556,12.215,,c:\Study Material\FYP\QCanvas-Project\QCanvas\benchmarks\metrics\distributions\qrng_6q_pennylane_8192_trial10.json,True
qrng,qiskit,6,1024,138.92821000026743,3.2774852039261373,0.18185558319091796,0.015042540402614888,16.095,,c:\Study Material\FYP\QCanvas-Project\QCanvas\benchmarks\metrics\distributions\qrng_6q_qiskit_1024_trial10.json,True
qrng,qiskit,6,4096,517.2840099998211,7.208507414301216,0.5872056007385253,0.04244124392578362,9.605,,c:\Study Material\FYP\QCanvas-Project\QCanvas\benchmarks\metrics\distributions\qrng_6q_qiskit_4096_trial10.json,True
qrng,qiskit,6,8192,1053.117960000236,57.65712478073424,1.120041847229004,0.04191890782482405,11.435,,c:\Study Material\FYP\QCanvas-Project\QCanvas\benchmarks\metrics\distributions\qrng_6q_qiskit_8192_trial10.json,True
qrng,cirq,7,1024,140.1070299998537,3.827213906632777,0.23497467041015624,0.018651671547286117,11.015,,c:\Study Material\FYP\QCanvas-Project\QCanvas\benchmarks\metrics\distributions\qrng_7q_cirq_1024_trial10.json,True
qrng,cirq,7,4096,526.3627199999974,16.06115042470743,0.6375734329223632,0.06179540343630763,11.55,,c:\Study Material\FYP\QCanvas-Project\QCanvas\benchmarks\metrics\distributions\qrng_7q_cirq_4096_trial10.json,True
qrng,cirq,7,8192,1067.4253100003625,66.5491184782994,1.144697666168213,0.056397875996062025,11.355,,c:\Study Material\FYP\QCanvas-Project\QCanvas\benchmarks\metrics\distributions\qrng_7q_cirq_8192_trial10.json,True
qrng,pennylane,7,1024,233.87830999981816,5.270756644410127,0.28933868408203123,0.006362005627317623,14.95,,c:\Study Material\FYP\QCanvas-Project\QCanvas\benchmarks\metrics\distributions\qrng_7q_pennylane_1024_trial10.json,True
qrng,pennylane,7,4096,894.3689899999299,30.636227687301346,0.68701171875,0.06347033966492337,11.705000000000002,,c:\Study Material\FYP\QCanvas-Project\QCanvas\benchmarks\metrics\distributions\qrng_7q_pennylane_4096_trial10.json,True
qrng,pennylane,7,8192,1788.3203800000047,73.27808011566717,1.1846578598022461,0.05680167709118851,9.754999999999999,,c:\Study Material\FYP\QCanvas-Project\QCanvas\benchmarks\metrics\distributions\qrng_7q_pennylane_8192_trial10.json,True
qrng,qiskit,7,1024,139.24578000005567,3.758964882026559,0.18273115158081055,0.016357165985865958,10.690000000000001,,c:\Study Material\FYP\QCanvas-Project\QCanvas\benchmarks\metrics\distributions\qrng_7q_qiskit_1024_trial10.json,True
qrng,qiskit,7,4096,529.4917199998963,32.060881578689106,0.5873397827148438,0.04242236238598591,9.694999999999999,,c:\Study Material\FYP\QCanvas-Project\QCanvas\benchmarks\metrics\distributions\qrng_7q_qiskit_4096_trial10.json,True
qrng,qiskit,7,8192,1052.4332699998922,56.79466935099719,1.1200352668762208,0.04262868222556168,10.16,,c:\Study Material\FYP\QCanvas-Project\QCanvas\benchmarks\metrics\distributions\qrng_7q_qiskit_8192_trial10.json,True
qrng,cirq,8,1024,139.4302200000311,3.0780120719465516,0.23981742858886718,0.0012503256445790458,13.855,,c:\Study Material\FYP\QCanvas-Project\QCanvas\benchmarks\metrics\distributions\qrng_8q_cirq_1024_trial10.json,True
qrng,cirq,8,4096,530.0268900000447,34.45130571148416,0.6164130210876465,0.04103522202077644,9.405,,c:\Study Material\FYP\QCanvas-Project\QCanvas\benchmarks\metrics\distributions\qrng_8q_cirq_4096_trial10.json,True
qrng,cirq,8,8192,1068.0494199999885,56.33698692797777,1.1445670127868652,0.05650747491197556,10.064999999999998,,c:\Study Material\FYP\QCanvas-Project\QCanvas\benchmarks\metrics\distributions\qrng_8q_cirq_8192_trial10.json,True
qrng,pennylane,8,1024,266.41708000024664,6.507705319174905,0.2909711837768555,0.023325666680221267,13.209999999999999,,c:\Study Material\FYP\QCanvas-Project\QCanvas\benchmarks\metrics\distributions\qrng_8q_pennylane_1024_trial10.json,True
qrng,pennylane,8,4096,1021.5572500006601,37.661101852717536,0.661689281463623,0.04592036367742589,11.424999999999999,,c:\Study Material\FYP\QCanvas-Project\QCanvas\benchmarks\metrics\distributions\qrng_8q_pennylane_4096_trial10.json,True
qrng,pennylane,8,8192,2016.9367599995894,66.24214359249291,1.198676586151123,0.04826433662151365,10.555,,c:\Study Material\FYP\QCanvas-Project\QCanvas\benchmarks\metrics\distributions\qrng_8q_pennylane_8192_trial10.json,True
qrng,qiskit,8,1024,137.55605000005744,4.1188262724474205,0.17742462158203126,0.0072439295498652355,9.84,,c:\Study Material\FYP\QCanvas-Project\QCanvas\benchmarks\metrics\distributions\qrng_8q_qiskit_1024_trial10.json,True
qrng,qiskit,8,4096,532.0207099997788,31.29519345741343,0.5871033668518066,0.042402056955767625,10.18,,c:\Study Material\FYP\QCanvas-Project\QCanvas\benchmarks\metrics\distributions\qrng_8q_qiskit_4096_trial10.json,True
qrng,qiskit,8,8192,1048.0071100000714,42.25802436814253,1.1198525428771973,0.04233927116518224,10.495,,c:\Study Material\FYP\QCanvas-Project\QCanvas\benchmarks\metrics\distributions\qrng_8q_qiskit_8192_trial10.json,True
quantum_teleportation,cirq,3,1024,106.69031999968865,33.825819185098325,0.3261247634887695,0.01745891544060528,7.739999999999999,,c:\Study Material\FYP\QCanvas-Project\QCanvas\benchmarks\metrics\distributions\quantum_teleportation_3q_cirq_1024_trial10.json,True
quantum_teleportation,cirq,3,4096,342.25383999983023,9.61783866704901,0.8624984741210937,0.040138626651508504,11.775,,c:\Study Material\FYP\QCanvas-Project\QCanvas\benchmarks\metrics\distributions\quantum_teleportation_3q_cirq_4096_trial10.json,True
quantum_teleportation,cirq,3,8192,660.7368199998746,8.499715270180895,1.617713737487793,0.024218955185266407,11.32,,c:\Study Material\FYP\QCanvas-Project\QCanvas\benchmarks\metrics\distributions\quantum_teleportation_3q_cirq_8192_trial10.json,True
quantum_teleportation,pennylane,3,1024,51.13270000019838,0.6807850669981701,0.18964595794677735,0.042595423870067935,6.364999999999999,,c:\Study Material\FYP\QCanvas-Project\QCanvas\benchmarks\metrics\distributions\quantum_teleportation_3q_pennylane_1024_trial10.json,True
quantum_teleportation,pennylane,3,4096,174.83293999976013,10.420624554827404,0.5736637115478516,0.04213741199838368,11.565,,c:\Study Material\FYP\QCanvas-Project\QCanvas\benchmarks\metrics\distributions\quantum_teleportation_3q_pennylane_4096_trial10.json,True
quantum_teleportation,pennylane,3,8192,352.00895000016317,38.202085138727185,1.0869130134582519,0.016709713770278047,23.134999999999998,,c:\Study Material\FYP\QCanvas-Project\QCanvas\benchmarks\metrics\distributions\quantum_teleportation_3q_pennylane_8192_trial10.json,True
quantum_teleportation,qiskit,3,1024,96.22455999979138,3.5153245475862036,0.31689043045043946,0.04883863197292934,14.780000000000001,,c:\Study Material\FYP\QCanvas-Project\QCanvas\benchmarks\metrics\distributions\quantum_teleportation_3q_qiskit_1024_trial10.json,True
quantum_teleportation,qiskit,3,4096,339.67018999992433,11.262167821118634,0.8580069541931152,0.03316250801664965,14.235,,c:\Study Material\FYP\QCanvas-Project\QCanvas\benchmarks\metrics\distributions\quantum_teleportation_3q_qiskit_4096_trial10.json,True
quantum_teleportation,qiskit,3,8192,657.5366000004578,8.292806063137842,1.6047727584838867,0.0002504047308833871,12.615,,c:\Study Material\FYP\QCanvas-Project\QCanvas\benchmarks\metrics\distributions\quantum_teleportation_3q_qiskit_8192_trial10.json,True
vqe,cirq,2,1024,71.63539999983186,1.4130910054170749,0.21753883361816406,0.04368503329336809,13.305000000000001,,c:\Study Material\FYP\QCanvas-Project\QCanvas\benchmarks\metrics\distributions\vqe_2q_cirq_1024_trial10.json,True
vqe,cirq,2,4096,254.93151000009675,4.99752978567355,0.6888752937316894,0.01693783009716619,16.744999999999997,,c:\Study Material\FYP\QCanvas-Project\QCanvas\benchmarks\metrics\distributions\vqe_2q_cirq_4096_trial10.json,True
vqe,cirq,2,8192,508.7436000001617,33.35432056727673,1.3335225105285644,0.000706019601720554,16.195,,c:\Study Material\FYP\QCanvas-Project\QCanvas\benchmarks\metrics\distributions\vqe_2q_cirq_8192_trial10.json,True
vqe,pennylane,2,1024,70.45663999979297,0.5314754807790216,0.20315914154052733,0.016936511068464558,9.190000000000001,,c:\Study Material\FYP\QCanvas-Project\QCanvas\benchmarks\metrics\distributions\vqe_2q_pennylane_1024_trial10.json,True
vqe,pennylane,2,4096,249.32554999995773,1.7012370628338251,0.689093017578125,0.016993416027426333,8.72,,c:\Study Material\FYP\QCanvas-Project\QCanvas\benchmarks\metrics\distributions\vqe_2q_pennylane_4096_trial10.json,True
vqe,pennylane,2,8192,511.98883000015485,30.994723836189955,1.3477624893188476,0.04253489473684553,11.989999999999998,,c:\Study Material\FYP\QCanvas-Project\QCanvas\benchmarks\metrics\distributions\vqe_2q_pennylane_8192_trial10.json,True
vqe,qiskit,2,1024,72.53356999972311,1.7476014919166616,0.21695756912231445,0.04350998810741488,11.705,,c:\Study Material\FYP\QCanvas-Project\QCanvas\benchmarks\metrics\distributions\vqe_2q_qiskit_1024_trial10.json,True
vqe,qiskit,2,4096,269.0999100001136,22.057422392147753,0.6833189010620118,0.00032031556599010277,15.050000000000002,,c:\Study Material\FYP\QCanvas-Project\QCanvas\benchmarks\metrics\distributions\vqe_2q_qiskit_4096_trial10.json,True
vqe,qiskit,2,8192,509.9511900001744,22.29966954507249,1.3331082344055176,0.00015977278424822187,14.3,,c:\Study Material\FYP\QCanvas-Project\QCanvas\benchmarks\metrics\distributions\vqe_2q_qiskit_8192_trial10.json,True
vqe,cirq,3,1024,70.91331999999966,0.9720941141456356,0.21191205978393554,0.04213113490124294,10.985,,c:\Study Material\FYP\QCanvas-Project\QCanvas\benchmarks\metrics\distributions\vqe_3q_cirq_1024_trial10.json,True
vqe,cirq,3,4096,252.4384000000282,3.8548824029082898,0.6838274955749511,0.00019528560620907145,8.935,,c:\Study Material\FYP\QCanvas-Project\QCanvas\benchmarks\metrics\distributions\vqe_3q_cirq_4096_trial10.json,True
vqe,cirq,3,8192,514.1754700001911,22.816847713717756,1.3336525917053224,0.00016319452015511768,21.544999999999995,,c:\Study Material\FYP\QCanvas-Project\QCanvas\benchmarks\metrics\distributions\vqe_3q_cirq_8192_trial10.json,True
vqe,pennylane,3,1024,97.61144999993121,3.086598699966957,0.32488059997558594,0.04261977898025187,16.825,,c:\Study Material\FYP\QCanvas-Project\QCanvas\benchmarks\metrics\distributions\vqe_3q_pennylane_1024_trial10.json,True
vqe,pennylane,3,4096,347.36206000015954,25.61974747359149,0.8725358963012695,0.04500653939114762,12.76,,c:\Study Material\FYP\QCanvas-Project\QCanvas\benchmarks\metrics\distributions\vqe_3q_pennylane_4096_trial10.json,True
vqe,pennylane,3,8192,695.229869999821,49.41920644943766,1.6034625053405762,0.0009908267729624098,14.15,,c:\Study Material\FYP\QCanvas-Project\QCanvas\benchmarks\metrics\distributions\vqe_3q_pennylane_8192_trial10.json,True
vqe,qiskit,3,1024,71.73848999991606,1.9670847307762074,0.2168818473815918,0.04357910233980217,11.625,,c:\Study Material\FYP\QCanvas-Project\QCanvas\benchmarks\metrics\distributions\vqe_3q_qiskit_1024_trial10.json,True
vqe,qiskit,3,4096,267.69293999968795,22.6476672807534,0.6887601852416992,0.016758070018873104,13.74,,c:\Study Material\FYP\QCanvas-Project\QCanvas\benchmarks\metrics\distributions\vqe_3q_qiskit_4096_trial10.json,True
vqe,qiskit,3,8192,506.16188000021793,36.19867558450385,1.3335749626159668,0.0010614900714044878,10.860000000000001,,c:\Study Material\FYP\QCanvas-Project\QCanvas\benchmarks\metrics\distributions\vqe_3q_qiskit_8192_trial10.json,True
vqe,cirq,4,1024,72.56502000018372,3.952803401552495,0.20341958999633789,0.016768341471124798,15.034999999999997,,c:\Study Material\FYP\QCanvas-Project\QCanvas\benchmarks\metrics\distributions\vqe_4q_cirq_1024_trial10.json,True
vqe,cirq,4,4096,252.0704000000478,2.7162340950630153,0.6838190078735351,0.00025995062717427394,10.09,,c:\Study Material\FYP\QCanvas-Project\QCanvas\benchmarks\metrics\distributions\vqe_4q_cirq_4096_trial10.json,True
vqe,cirq,4,8192,498.49899999990157,13.350412003911279,1.3335735321044921,0.00021970917712415088,11.105,,c:\Study Material\FYP\QCanvas-Project\QCanvas\benchmarks\metrics\distributions\vqe_4q_cirq_8192_trial10.json,True
vqe,pennylane,4,1024,116.92929000000731,2.1799604523282095,0.3517436981201172,0.029415244339223563,9.165,,c:\Study Material\FYP\QCanvas-Project\QCanvas\benchmarks\metrics\distributions\vqe_4q_pennylane_1024_trial10.json,True
vqe,pennylane,4,4096,410.4341199998089,4.305882548277003,1.0058486938476563,0.04277012819065635,8.805000000000001,,c:\Study Material\FYP\QCanvas-Project\QCanvas\benchmarks\metrics\distributions\vqe_4q_pennylane_4096_trial10.json,True
vqe,pennylane,4,8192,819.5314499997039,42.58166425460138,1.8716753005981446,0.0012868343385567438,9.935,,c:\Study Material\FYP\QCanvas-Project\QCanvas\benchmarks\metrics\distributions\vqe_4q_pennylane_8192_trial10.json,True
vqe,qiskit,4,1024,71.29597999974067,0.5681890371820131,0.1975555419921875,0.0003393545232217638,13.669999999999998,,c:\Study Material\FYP\QCanvas-Project\QCanvas\benchmarks\metrics\distributions\vqe_4q_qiskit_1024_trial10.json,True
vqe,qiskit,4,4096,250.7384499996988,1.911466509432608,0.6835593223571778,0.00023754549382512175,9.95,,c:\Study Material\FYP\QCanvas-Project\QCanvas\benchmarks\metrics\distributions\vqe_4q_qiskit_4096_trial10.json,True
vqe,qiskit,4,8192,499.9329900001612,11.24826883270177,1.333249282836914,0.00024625998241855837,13.209999999999999,,c:\Study Material\FYP\QCanvas-Project\QCanvas\benchmarks\metrics\distributions\vqe_4q_qiskit_8192_trial10.json,True
vqe,cirq,5,1024,72.3005200001353,1.3557675085032412,0.21770925521850587,0.04369515297318174,12.875,,c:\Study Material\FYP\QCanvas-Project\QCanvas\benchmarks\metrics\distributions\vqe_5q_cirq_1024_trial10.json,True
vqe,cirq,5,4096,253.7211999997453,4.777434031543538,0.7032989501953125,0.04395878865653873,11.3,,c:\Study Material\FYP\QCanvas-Project\QCanvas\benchmarks\metrics\distributions\vqe_5q_cirq_4096_trial10.json,True
vqe,cirq,5,8192,505.6890199999543,33.45777543254789,1.3337657928466797,0.0006638999215779106,10.01,,c:\Study Material\FYP\QCanvas-Project\QCanvas\benchmarks\metrics\distributions\vqe_5q_cirq_8192_trial10.json,True
vqe,pennylane,5,1024,138.88127999962308,1.7683224265077597,0.41113624572753904,0.040176754672571924,8.400000000000002,,c:\Study Material\FYP\QCanvas-Project\QCanvas\benchmarks\metrics\distributions\vqe_5q_pennylane_1024_trial10.json,True
vqe,pennylane,5,4096,497.9484499999671,8.1911329088031,1.1706155776977538,0.05330114305883529,11.445,,c:\Study Material\FYP\QCanvas-Project\QCanvas\benchmarks\metrics\distributions\vqe_5q_pennylane_4096_trial10.json,True
vqe,pennylane,5,8192,977.7462100000776,22.355700321511687,2.1540931701660155,0.02986915417305025,10.844999999999999,,c:\Study Material\FYP\QCanvas-Project\QCanvas\benchmarks\metrics\distributions\vqe_5q_pennylane_8192_trial10.json,True
vqe,qiskit,5,1024,71.25171000006958,1.52076970787493,0.21715049743652343,0.043786438162608694,9.294999999999998,,c:\Study Material\FYP\QCanvas-Project\QCanvas\benchmarks\metrics\distributions\vqe_5q_qiskit_1024_trial10.json,True
vqe,qiskit,5,4096,265.8941699999559,20.24893832745585,0.6884562492370605,0.01683843039337771,15.51,,c:\Study Material\FYP\QCanvas-Project\QCanvas\benchmarks\metrics\distributions\vqe_5q_qiskit_4096_trial10.json,True
vqe,qiskit,5,8192,506.08118000000104,28.491472770024327,1.333310890197754,0.000708696527772711,11.43,,c:\Study Material\FYP\QCanvas-Project\QCanvas\benchmarks\metrics\distributions\vqe_5q_qiskit_8192_trial10.json,True
vqe,cirq,6,1024,71.33235999990575,0.8894481663194647,0.21760931015014648,0.04364947873741574,12.684999999999999,,c:\Study Material\FYP\QCanvas-Project\QCanvas\benchmarks\metrics\distributions\vqe_6q_cirq_1024_trial10.json,True
vqe,cirq,6,4096,251.42797000044084,2.4820540682548753,0.6894968032836915,0.01676304168383074,10.305,,c:\Study Material\FYP\QCanvas-Project\QCanvas\benchmarks\metrics\distributions\vqe_6q_cirq_4096_trial10.json,True
vqe,cirq,6,8192,514.7922099995412,38.94993616874276,1.3336543083190917,0.000638412616782785,12.41,,c:\Study Material\FYP\QCanvas-Project\QCanvas\benchmarks\metrics\distributions\vqe_6q_cirq_8192_trial10.json,True
vqe,pennylane,6,1024,166.64446000013413,9.034448310472238,0.4826934814453125,0.0681719959788014,13.184999999999999,,c:\Study Material\FYP\QCanvas-Project\QCanvas\benchmarks\metrics\distributions\vqe_6q_pennylane_1024_trial10.json,True
vqe,pennylane,6,4096,588.569930000267,23.087248799922598,1.3173276901245117,0.055429687594694306,12.059999999999999,,c:\Study Material\FYP\QCanvas-Project\QCanvas\benchmarks\metrics\distributions\vqe_6q_pennylane_4096_trial10.json,True
vqe,pennylane,6,8192,1187.7627299998494,45.12467504682083,2.44058837890625,0.051846819704840084,16.484999999999996,,c:\Study Material\FYP\QCanvas-Project\QCanvas\benchmarks\metrics\distributions\vqe_6q_pennylane_8192_trial10.json,True
vqe,qiskit,6,1024,72.85943999977462,3.065854795902686,0.2165363311767578,0.04371204358119046,13.7,,c:\Study Material\FYP\QCanvas-Project\QCanvas\benchmarks\metrics\distributions\vqe_6q_qiskit_1024_trial10.json,True
vqe,qiskit,6,4096,295.16197000011744,43.423643690314506,0.6834271430969239,0.0002194288549956148,23.325,,c:\Study Material\FYP\QCanvas-Project\QCanvas\benchmarks\metrics\distributions\vqe_6q_qiskit_4096_trial10.json,True
vqe,qiskit,6,8192,576.7212299997482,58.5499236191166,1.338635540008545,0.016635662994670466,30.810000000000002,,c:\Study Material\FYP\QCanvas-Project\QCanvas\benchmarks\metrics\distributions\vqe_6q_qiskit_8192_trial10.json,True
